ID,Labels
0,860
1,582
2,554
3,953
4,865
5,634
6,34
7,956
8,569
9,865
10,668
11,403
12,847
13,536
14,540
15,554
16,168
17,586
18,805
19,628
20,586
21,183
22,449
23,537
24,858
25,603
26,537
27,45
28,555
29,512
30,403
31,414
32,779
33,6
34,788
35,537
36,833
37,786
38,741
39,50
40,698
41,858
42,698
43,847
44,865
45,779
46,788
47,858
48,683
49,160
50,858
51,118
52,404
53,788
54,984
55,407
56,746
57,595
58,923
59,762
60,50
61,360
62,668
63,788
64,584
65,251
66,889
67,978
68,741
69,510
70,306
71,325
72,788
73,661
74,889
75,730
76,668
77,554
78,634
79,300
80,671
81,151
82,547
83,611
84,403
85,512
86,310
87,917
88,625
89,865
90,403
91,854
92,814
93,238
94,449
95,549
96,476
97,536
98,865
99,554
100,383
101,251
102,537
103,363
104,569
105,536
106,625
107,547
108,150
109,802
110,645
111,151
112,865
113,510
114,975
115,351
116,540
117,275
118,730
119,586
120,864
121,24
122,325
123,845
124,634
125,624
126,660
127,646
128,61
129,668
130,293
131,683
132,522
133,857
134,625
135,779
136,847
137,251
138,984
139,627
140,45
141,403
142,953
143,513
144,510
145,112
146,978
147,907
148,408
149,27
150,730
151,399
152,403
153,917
154,847
155,292
156,59
157,715
158,239
159,36
160,825
161,403
162,858
163,776
164,313
165,488
166,375
167,916
168,476
169,509
170,424
171,613
172,34
173,404
174,218
175,167
176,352
177,624
178,843
179,847
180,573
181,101
182,730
183,843
184,865
185,971
186,275
187,555
188,918
189,802
190,453
191,625
192,762
193,284
194,611
195,497
196,852
197,788
198,625
199,425
200,61
201,25
202,788
203,788
204,780
205,683
206,435
207,163
208,586
209,625
210,628
211,865
212,300
213,865
214,509
215,865
216,858
217,341
218,788
219,476
220,159
221,403
222,536
223,554
224,9
225,586
226,595
227,573
228,310
229,468
230,561
231,576
232,167
233,40
234,425
235,76
236,922
237,823
238,788
239,408
240,595
241,537
242,625
243,833
244,788
245,67
246,509
247,78
248,603
249,864
250,301
251,993
252,624
253,895
254,648
255,586
256,864
257,156
258,555
259,625
260,847
261,986
262,634
263,467
264,750
265,537
266,509
267,425
268,614
269,509
270,573
271,61
272,346
273,860
274,973
275,788
276,536
277,776
278,156
279,625
280,289
281,595
282,480
283,970
284,517
285,978
286,857
287,251
288,324
289,772
290,510
291,403
292,586
293,540
294,832
295,847
296,122
297,537
298,489
299,795
300,803
301,984
302,825
303,403
304,984
305,865
306,454
307,802
308,803
309,738
310,123
311,573
312,874
313,537
314,594
315,576
316,388
317,496
318,814
319,865
320,825
321,50
322,595
323,865
324,668
325,917
326,922
327,326
328,512
329,730
330,25
331,517
332,788
333,762
334,45
335,788
336,896
337,586
338,543
339,406
340,196
341,580
342,788
343,624
344,917
345,426
346,956
347,491
348,895
349,36
350,865
351,887
352,468
353,576
354,941
355,167
356,408
357,454
358,788
359,671
360,525
361,314
362,858
363,857
364,858
365,788
366,287
367,555
368,313
369,274
370,788
371,39
372,825
373,241
374,611
375,391
376,803
377,254
378,769
379,554
380,410
381,467
382,730
383,468
384,795
385,599
386,888
387,310
388,404
389,737
390,467
391,927
392,603
393,403
394,660
395,573
396,603
397,403
398,864
399,788
400,865
401,984
402,510
403,953
404,628
405,573
406,467
407,865
408,798
409,603
410,776
411,500
412,788
413,702
414,303
415,779
416,683
417,858
418,403
419,251
420,352
421,49
422,788
423,563
424,780
425,802
426,783
427,788
428,730
429,614
430,954
431,509
432,788
433,406
434,803
435,555
436,706
437,788
438,788
439,847
440,549
441,127
442,403
443,56
444,435
445,986
446,852
447,847
448,825
449,645
450,382
451,847
452,867
453,510
454,847
455,123
456,580
457,788
458,536
459,788
460,471
461,715
462,917
463,788
464,730
465,917
466,788
467,956
468,540
469,625
470,829
471,129
472,833
473,918
474,510
475,697
476,611
477,888
478,586
479,979
480,540
481,668
482,697
483,214
484,724
485,788
486,565
487,757
488,802
489,488
490,159
491,409
492,865
493,800
494,580
495,310
496,509
497,275
498,415
499,880
500,476
501,625
502,454
503,648
504,711
505,116
506,865
507,415
508,540
509,536
510,788
511,488
512,500
513,251
514,352
515,724
516,488
517,118
518,975
519,988
520,628
521,554
522,510
523,118
524,865
525,788
526,76
527,383
528,123
529,970
530,43
531,860
532,552
533,115
534,865
535,101
536,847
537,757
538,586
539,310
540,914
541,625
542,865
543,133
544,241
545,483
546,820
547,802
548,779
549,275
550,865
551,795
552,432
553,779
554,847
555,812
556,358
557,603
558,522
559,889
560,483
561,203
562,460
563,814
564,788
565,476
566,978
567,889
568,779
569,603
570,595
571,776
572,625
573,398
574,820
575,865
576,313
577,79
578,970
579,770
580,167
581,788
582,780
583,703
584,306
585,716
586,228
587,833
588,284
589,580
590,682
591,251
592,253
593,865
594,779
595,788
596,510
597,847
598,634
599,794
600,17
601,293
602,352
603,981
604,25
605,403
606,293
607,645
608,984
609,178
610,738
611,555
612,342
613,603
614,444
615,554
616,454
617,253
618,767
619,887
620,857
621,351
622,624
623,586
624,599
625,127
626,776
627,11
628,422
629,802
630,779
631,560
632,788
633,536
634,352
635,762
636,251
637,628
638,788
639,435
640,762
641,90
642,865
643,865
644,509
645,509
646,810
647,404
648,744
649,89
650,865
651,120
652,956
653,625
654,24
655,91
656,775
657,540
658,309
659,588
660,984
661,847
662,560
663,549
664,203
665,762
666,825
667,984
668,916
669,923
670,123
671,62
672,595
673,352
674,403
675,555
676,218
677,576
678,471
679,25
680,415
681,865
682,177
683,536
684,888
685,403
686,762
687,417
688,611
689,540
690,509
691,352
692,424
693,172
694,293
695,470
696,779
697,552
698,861
699,611
700,857
701,536
702,878
703,293
704,886
705,645
706,543
707,310
708,972
709,399
710,829
711,819
712,406
713,865
714,867
715,865
716,289
717,573
718,45
719,819
720,582
721,762
722,814
723,625
724,996
725,510
726,576
727,986
728,509
729,510
730,403
731,536
732,788
733,603
734,865
735,404
736,403
737,510
738,825
739,788
740,403
741,683
742,843
743,35
744,971
745,814
746,865
747,943
748,624
749,788
750,554
751,730
752,275
753,510
754,217
755,50
756,580
757,625
758,403
759,554
760,979
761,467
762,555
763,788
764,715
765,403
766,865
767,403
768,580
769,788
770,788
771,698
772,603
773,591
774,586
775,573
776,993
777,49
778,536
779,517
780,403
781,582
782,788
783,584
784,403
785,648
786,865
787,864
788,352
789,63
790,779
791,865
792,18
793,970
794,734
795,198
796,467
797,25
798,881
799,776
800,860
801,182
802,625
803,425
804,918
805,595
806,573
807,454
808,788
809,847
810,996
811,908
812,62
813,608
814,871
815,509
816,54
817,536
818,904
819,628
820,764
821,66
822,645
823,128
824,795
825,695
826,433
827,865
828,865
829,403
830,657
831,509
832,645
833,197
834,555
835,404
836,408
837,586
838,595
839,850
840,350
841,671
842,403
843,253
844,403
845,540
846,522
847,788
848,625
849,293
850,435
851,287
852,860
853,711
854,453
855,764
856,412
857,586
858,788
859,840
860,582
861,342
862,857
863,554
864,432
865,537
866,522
867,595
868,536
869,381
870,289
871,956
872,509
873,683
874,625
875,239
876,536
877,525
878,289
879,762
880,788
881,625
882,476
883,612
884,802
885,307
886,963
887,408
888,362
889,554
890,864
891,522
892,454
893,536
894,795
895,247
896,916
897,957
898,776
899,554
900,580
901,25
902,865
903,683
904,206
905,375
906,832
907,795
908,198
909,241
910,60
911,586
912,880
913,864
914,812
915,50
916,937
917,591
918,509
919,724
920,625
921,422
922,628
923,549
924,762
925,864
926,508
927,403
928,586
929,307
930,833
931,611
932,970
933,510
934,670
935,363
936,90
937,864
938,798
939,858
940,648
941,865
942,454
943,611
944,536
945,573
946,788
947,922
948,978
949,444
950,62
951,454
952,360
953,661
954,537
955,410
956,537
957,713
958,517
959,159
960,580
961,718
962,537
963,776
964,895
965,403
966,786
967,555
968,509
969,788
970,970
971,794
972,671
973,576
974,554
975,403
976,614
977,212
978,569
979,413
980,67
981,573
982,580
983,295
984,350
985,576
986,865
987,537
988,802
989,684
990,554
991,788
992,458
993,25
994,476
995,10
996,779
997,289
998,275
999,122
1000,554
1001,730
1002,988
1003,922
1004,716
1005,865
1006,536
1007,576
1008,50
1009,864
1010,859
1011,476
1012,668
1013,509
1014,476
1015,468
1016,122
1017,865
1018,512
1019,963
1020,373
1021,984
1022,922
1023,865
1024,847
1025,251
1026,503
1027,476
1028,253
1029,738
1030,306
1031,847
1032,576
1033,794
1034,625
1035,776
1036,922
1037,803
1038,536
1039,683
1040,50
1041,554
1042,860
1043,62
1044,860
1045,634
1046,488
1047,764
1048,62
1049,698
1050,349
1051,862
1052,119
1053,122
1054,403
1055,788
1056,779
1057,847
1058,301
1059,540
1060,943
1061,460
1062,350
1063,468
1064,895
1065,156
1066,917
1067,435
1068,865
1069,571
1070,300
1071,403
1072,812
1073,970
1074,310
1075,865
1076,865
1077,381
1078,611
1079,60
1080,25
1081,852
1082,627
1083,540
1084,823
1085,25
1086,634
1087,788
1088,744
1089,349
1090,825
1091,698
1092,698
1093,403
1094,540
1095,865
1096,847
1097,942
1098,668
1099,595
1100,744
1101,352
1102,537
1103,510
1104,780
1105,591
1106,561
1107,319
1108,865
1109,907
1110,471
1111,580
1112,984
1113,625
1114,404
1115,611
1116,467
1117,241
1118,135
1119,922
1120,625
1121,847
1122,916
1123,867
1124,476
1125,569
1126,788
1127,832
1128,788
1129,611
1130,865
1131,875
1132,537
1133,628
1134,251
1135,860
1136,864
1137,517
1138,871
1139,555
1140,403
1141,970
1142,788
1143,426
1144,537
1145,833
1146,895
1147,762
1148,251
1149,467
1150,408
1151,847
1152,993
1153,352
1154,864
1155,403
1156,586
1157,603
1158,865
1159,865
1160,512
1161,580
1162,738
1163,444
1164,603
1165,251
1166,762
1167,560
1168,714
1169,536
1170,762
1171,603
1172,762
1173,435
1174,956
1175,510
1176,956
1177,865
1178,595
1179,683
1180,628
1181,123
1182,403
1183,625
1184,573
1185,971
1186,788
1187,254
1188,305
1189,536
1190,293
1191,922
1192,634
1193,821
1194,860
1195,625
1196,580
1197,780
1198,403
1199,549
1200,706
1201,561
1202,403
1203,575
1204,671
1205,296
1206,832
1207,403
1208,522
1209,272
1210,744
1211,573
1212,554
1213,833
1214,509
1215,293
1216,865
1217,762
1218,214
1219,860
1220,306
1221,690
1222,66
1223,509
1224,860
1225,993
1226,251
1227,865
1228,512
1229,295
1230,730
1231,780
1232,586
1233,275
1234,424
1235,476
1236,916
1237,611
1238,121
1239,628
1240,974
1241,418
1242,814
1243,918
1244,449
1245,832
1246,228
1247,573
1248,275
1249,986
1250,563
1251,558
1252,780
1253,121
1254,489
1255,858
1256,45
1257,404
1258,160
1259,606
1260,802
1261,517
1262,805
1263,927
1264,79
1265,47
1266,352
1267,61
1268,984
1269,625
1270,621
1271,865
1272,509
1273,170
1274,625
1275,497
1276,788
1277,779
1278,858
1279,713
1280,865
1281,595
1282,762
1283,880
1284,865
1285,251
1286,509
1287,22
1288,825
1289,865
1290,783
1291,595
1292,250
1293,914
1294,625
1295,555
1296,554
1297,547
1298,634
1299,540
1300,525
1301,580
1302,509
1303,334
1304,974
1305,867
1306,162
1307,580
1308,403
1309,820
1310,538
1311,580
1312,289
1313,762
1314,554
1315,352
1316,788
1317,537
1318,85
1319,164
1320,649
1321,468
1322,540
1323,562
1324,554
1325,406
1326,83
1327,962
1328,582
1329,586
1330,384
1331,683
1332,727
1333,865
1334,509
1335,509
1336,913
1337,603
1338,625
1339,139
1340,537
1341,603
1342,456
1343,582
1344,751
1345,917
1346,536
1347,847
1348,788
1349,509
1350,25
1351,856
1352,466
1353,766
1354,788
1355,668
1356,586
1357,886
1358,847
1359,549
1360,625
1361,537
1362,865
1363,917
1364,958
1365,582
1366,403
1367,195
1368,762
1369,873
1370,543
1371,488
1372,958
1373,788
1374,865
1375,567
1376,444
1377,573
1378,728
1379,510
1380,993
1381,865
1382,49
1383,413
1384,954
1385,496
1386,234
1387,982
1388,403
1389,625
1390,170
1391,537
1392,275
1393,522
1394,352
1395,779
1396,483
1397,864
1398,37
1399,875
1400,214
1401,78
1402,770
1403,38
1404,293
1405,540
1406,668
1407,50
1408,788
1409,865
1410,561
1411,915
1412,779
1413,730
1414,867
1415,625
1416,241
1417,552
1418,917
1419,865
1420,407
1421,178
1422,776
1423,679
1424,512
1425,290
1426,917
1427,864
1428,509
1429,663
1430,984
1431,540
1432,886
1433,424
1434,864
1435,877
1436,802
1437,865
1438,801
1439,917
1440,67
1441,786
1442,59
1443,646
1444,954
1445,825
1446,403
1447,788
1448,76
1449,112
1450,497
1451,625
1452,352
1453,984
1454,788
1455,549
1456,889
1457,734
1458,946
1459,138
1460,118
1461,425
1462,730
1463,310
1464,563
1465,611
1466,595
1467,788
1468,599
1469,829
1470,599
1471,512
1472,385
1473,865
1474,730
1475,845
1476,304
1477,865
1478,956
1479,579
1480,730
1481,628
1482,403
1483,319
1484,625
1485,691
1486,788
1487,603
1488,825
1489,89
1490,825
1491,865
1492,335
1493,510
1494,634
1495,706
1496,540
1497,251
1498,645
1499,970
1500,582
1501,683
1502,496
1503,509
1504,476
1505,275
1506,536
1507,326
1508,922
1509,62
1510,561
1511,404
1512,802
1513,363
1514,984
1515,922
1516,509
1517,403
1518,984
1519,595
1520,228
1521,576
1522,179
1523,118
1524,847
1525,360
1526,352
1527,670
1528,509
1529,865
1530,384
1531,383
1532,536
1533,350
1534,454
1535,847
1536,62
1537,916
1538,323
1539,795
1540,292
1541,852
1542,98
1543,916
1544,825
1545,580
1546,403
1547,384
1548,537
1549,101
1550,352
1551,663
1552,803
1553,218
1554,509
1555,977
1556,624
1557,555
1558,864
1559,867
1560,788
1561,50
1562,25
1563,509
1564,251
1565,825
1566,374
1567,391
1568,227
1569,788
1570,624
1571,497
1572,825
1573,537
1574,47
1575,403
1576,611
1577,279
1578,972
1579,28
1580,757
1581,847
1582,584
1583,509
1584,628
1585,562
1586,611
1587,788
1588,625
1589,864
1590,292
1591,779
1592,922
1593,889
1594,554
1595,853
1596,293
1597,127
1598,488
1599,536
1600,135
1601,253
1602,580
1603,195
1604,788
1605,554
1606,509
1607,625
1608,536
1609,603
1610,936
1611,346
1612,723
1613,25
1614,832
1615,611
1616,376
1617,868
1618,561
1619,467
1620,369
1621,625
1622,847
1623,353
1624,586
1625,771
1626,668
1627,71
1628,573
1629,537
1630,611
1631,788
1632,865
1633,419
1634,794
1635,625
1636,510
1637,404
1638,730
1639,509
1640,512
1641,520
1642,555
1643,250
1644,582
1645,580
1646,779
1647,788
1648,56
1649,536
1650,865
1651,603
1652,706
1653,698
1654,502
1655,483
1656,867
1657,865
1658,159
1659,595
1660,509
1661,586
1662,671
1663,847
1664,509
1665,509
1666,624
1667,253
1668,558
1669,350
1670,71
1671,865
1672,664
1673,403
1674,220
1675,625
1676,625
1677,628
1678,275
1679,699
1680,776
1681,865
1682,488
1683,814
1684,875
1685,565
1686,864
1687,432
1688,525
1689,540
1690,883
1691,865
1692,314
1693,415
1694,71
1695,730
1696,788
1697,628
1698,776
1699,156
1700,788
1701,779
1702,723
1703,788
1704,536
1705,788
1706,847
1707,408
1708,406
1709,836
1710,384
1711,776
1712,741
1713,403
1714,917
1715,118
1716,456
1717,522
1718,241
1719,536
1720,406
1721,865
1722,467
1723,562
1724,730
1725,798
1726,852
1727,683
1728,762
1729,565
1730,476
1731,537
1732,927
1733,779
1734,460
1735,825
1736,927
1737,251
1738,746
1739,982
1740,922
1741,958
1742,547
1743,582
1744,454
1745,512
1746,815
1747,856
1748,352
1749,580
1750,403
1751,580
1752,558
1753,561
1754,413
1755,554
1756,978
1757,865
1758,730
1759,993
1760,788
1761,510
1762,28
1763,537
1764,701
1765,970
1766,59
1767,104
1768,554
1769,537
1770,540
1771,625
1772,847
1773,730
1774,864
1775,860
1776,424
1777,762
1778,460
1779,90
1780,561
1781,788
1782,554
1783,576
1784,403
1785,540
1786,762
1787,683
1788,468
1789,536
1790,500
1791,828
1792,716
1793,517
1794,788
1795,99
1796,522
1797,788
1798,847
1799,212
1800,522
1801,858
1802,795
1803,21
1804,416
1805,512
1806,984
1807,403
1808,537
1809,78
1810,865
1811,858
1812,679
1813,101
1814,786
1815,788
1816,595
1817,736
1818,124
1819,45
1820,920
1821,349
1822,749
1823,537
1824,537
1825,634
1826,314
1827,403
1828,30
1829,139
1830,8
1831,310
1832,788
1833,788
1834,406
1835,625
1836,611
1837,865
1838,603
1839,954
1840,62
1841,276
1842,845
1843,779
1844,580
1845,343
1846,236
1847,865
1848,943
1849,450
1850,512
1851,716
1852,865
1853,880
1854,467
1855,986
1856,713
1857,403
1858,275
1859,736
1860,788
1861,825
1862,307
1863,561
1864,864
1865,611
1866,375
1867,424
1868,403
1869,614
1870,865
1871,476
1872,145
1873,509
1874,864
1875,582
1876,89
1877,406
1878,555
1879,536
1880,865
1881,576
1882,586
1883,611
1884,847
1885,249
1886,746
1887,374
1888,625
1889,917
1890,788
1891,403
1892,517
1893,331
1894,454
1895,832
1896,512
1897,388
1898,554
1899,864
1900,237
1901,253
1902,625
1903,779
1904,858
1905,310
1906,762
1907,495
1908,267
1909,374
1910,110
1911,580
1912,61
1913,22
1914,865
1915,586
1916,510
1917,865
1918,788
1919,646
1920,510
1921,683
1922,509
1923,140
1924,61
1925,30
1926,917
1927,346
1928,133
1929,403
1930,625
1931,865
1932,973
1933,770
1934,212
1935,565
1936,509
1937,730
1938,713
1939,251
1940,561
1941,510
1942,580
1943,703
1944,864
1945,406
1946,61
1947,44
1948,123
1949,802
1950,188
1951,865
1952,661
1953,864
1954,671
1955,776
1956,406
1957,645
1958,251
1959,509
1960,151
1961,683
1962,444
1963,788
1964,865
1965,977
1966,554
1967,537
1968,410
1969,648
1970,762
1971,406
1972,634
1973,275
1974,121
1975,916
1976,634
1977,554
1978,540
1979,800
1980,384
1981,788
1982,992
1983,878
1984,510
1985,408
1986,406
1987,30
1988,536
1989,403
1990,832
1991,517
1992,996
1993,988
1994,536
1995,916
1996,403
1997,864
1998,648
1999,154
2000,310
2001,72
2002,788
2003,625
2004,509
2005,408
2006,762
2007,625
2008,509
2009,993
2010,248
2011,865
2012,403
2013,670
2014,780
2015,549
2016,921
2017,403
2018,54
2019,668
2020,547
2021,956
2022,561
2023,509
2024,625
2025,812
2026,476
2027,648
2028,132
2029,802
2030,25
2031,829
2032,45
2033,403
2034,576
2035,611
2036,978
2037,867
2038,845
2039,611
2040,500
2041,403
2042,825
2043,56
2044,509
2045,762
2046,648
2047,79
2048,860
2049,776
2050,956
2051,864
2052,788
2053,897
2054,122
2055,586
2056,562
2057,415
2058,825
2059,958
2060,847
2061,847
2062,536
2063,403
2064,454
2065,151
2066,383
2067,974
2068,800
2069,549
2070,97
2071,703
2072,715
2073,606
2074,825
2075,408
2076,628
2077,864
2078,855
2079,788
2080,410
2081,441
2082,865
2083,857
2084,668
2085,788
2086,832
2087,788
2088,353
2089,454
2090,988
2091,540
2092,554
2093,974
2094,37
2095,555
2096,384
2097,783
2098,67
2099,586
2100,537
2101,510
2102,975
2103,444
2104,554
2105,177
2106,251
2107,864
2108,233
2109,554
2110,871
2111,25
2112,510
2113,10
2114,825
2115,776
2116,762
2117,603
2118,275
2119,275
2120,573
2121,62
2122,865
2123,690
2124,37
2125,788
2126,555
2127,657
2128,25
2129,454
2130,422
2131,170
2132,540
2133,611
2134,661
2135,122
2136,510
2137,537
2138,172
2139,91
2140,94
2141,679
2142,795
2143,624
2144,683
2145,970
2146,537
2147,865
2148,258
2149,488
2150,525
2151,800
2152,865
2153,896
2154,956
2155,536
2156,668
2157,634
2158,404
2159,554
2160,467
2161,122
2162,293
2163,600
2164,788
2165,865
2166,750
2167,471
2168,788
2169,586
2170,683
2171,415
2172,715
2173,300
2174,217
2175,275
2176,865
2177,611
2178,608
2179,671
2180,139
2181,779
2182,536
2183,554
2184,509
2185,974
2186,569
2187,825
2188,917
2189,460
2190,802
2191,509
2192,603
2193,536
2194,555
2195,40
2196,795
2197,674
2198,403
2199,540
2200,586
2201,614
2202,825
2203,865
2204,864
2205,599
2206,540
2207,537
2208,805
2209,738
2210,403
2211,313
2212,625
2213,30
2214,576
2215,537
2216,996
2217,510
2218,510
2219,670
2220,971
2221,127
2222,77
2223,435
2224,847
2225,603
2226,962
2227,847
2228,860
2229,833
2230,215
2231,350
2232,865
2233,788
2234,664
2235,683
2236,554
2237,779
2238,988
2239,847
2240,250
2241,586
2242,603
2243,121
2244,845
2245,352
2246,683
2247,698
2248,779
2249,122
2250,403
2251,611
2252,536
2253,668
2254,971
2255,788
2256,891
2257,683
2258,304
2259,865
2260,45
2261,715
2262,586
2263,788
2264,645
2265,865
2266,350
2267,78
2268,586
2269,101
2270,3
2271,621
2272,512
2273,307
2274,509
2275,384
2276,987
2277,788
2278,177
2279,625
2280,898
2281,171
2282,961
2283,927
2284,978
2285,488
2286,454
2287,847
2288,603
2289,625
2290,791
2291,724
2292,62
2293,917
2294,61
2295,435
2296,993
2297,554
2298,683
2299,403
2300,537
2301,715
2302,862
2303,865
2304,489
2305,867
2306,151
2307,251
2308,251
2309,61
2310,555
2311,277
2312,275
2313,865
2314,668
2315,888
2316,271
2317,832
2318,643
2319,50
2320,241
2321,352
2322,718
2323,599
2324,537
2325,509
2326,561
2327,954
2328,510
2329,788
2330,984
2331,552
2332,56
2333,241
2334,586
2335,215
2336,45
2337,346
2338,978
2339,892
2340,582
2341,555
2342,251
2343,62
2344,865
2345,251
2346,537
2347,624
2348,788
2349,17
2350,438
2351,645
2352,858
2353,323
2354,802
2355,641
2356,509
2357,596
2358,599
2359,683
2360,788
2361,509
2362,561
2363,779
2364,554
2365,122
2366,483
2367,580
2368,683
2369,814
2370,677
2371,509
2372,865
2373,403
2374,555
2375,536
2376,923
2377,776
2378,690
2379,509
2380,760
2381,45
2382,404
2383,554
2384,788
2385,540
2386,996
2387,460
2388,625
2389,352
2390,403
2391,510
2392,148
2393,867
2394,657
2395,645
2396,603
2397,45
2398,467
2399,284
2400,865
2401,730
2402,860
2403,788
2404,850
2405,970
2406,576
2407,119
2408,634
2409,788
2410,148
2411,847
2412,540
2413,586
2414,601
2415,237
2416,300
2417,865
2418,812
2419,92
2420,101
2421,847
2422,450
2423,956
2424,788
2425,595
2426,762
2427,937
2428,916
2429,788
2430,453
2431,536
2432,625
2433,562
2434,537
2435,671
2436,621
2437,302
2438,762
2439,825
2440,611
2441,788
2442,537
2443,510
2444,586
2445,64
2446,536
2447,625
2448,569
2449,580
2450,537
2451,743
2452,625
2453,509
2454,730
2455,591
2456,554
2457,540
2458,625
2459,788
2460,668
2461,738
2462,716
2463,31
2464,986
2465,762
2466,762
2467,240
2468,510
2469,788
2470,847
2471,917
2472,865
2473,683
2474,864
2475,628
2476,204
2477,408
2478,776
2479,509
2480,713
2481,491
2482,683
2483,880
2484,573
2485,151
2486,827
2487,439
2488,537
2489,788
2490,488
2491,878
2492,880
2493,628
2494,788
2495,866
2496,625
2497,586
2498,611
2499,865
2500,762
2501,912
2502,488
2503,399
2504,953
2505,776
2506,580
2507,645
2508,865
2509,214
2510,403
2511,716
2512,788
2513,258
2514,536
2515,982
2516,971
2517,540
2518,937
2519,403
2520,403
2521,847
2522,25
2523,554
2524,90
2525,148
2526,403
2527,865
2528,652
2529,812
2530,477
2531,76
2532,218
2533,352
2534,540
2535,300
2536,293
2537,555
2538,683
2539,668
2540,955
2541,984
2542,225
2543,603
2544,120
2545,148
2546,975
2547,351
2548,582
2549,66
2550,275
2551,762
2552,17
2553,683
2554,611
2555,833
2556,917
2557,847
2558,548
2559,323
2560,555
2561,164
2562,573
2563,235
2564,536
2565,509
2566,843
2567,476
2568,621
2569,582
2570,433
2571,488
2572,788
2573,45
2574,339
2575,573
2576,483
2577,404
2578,908
2579,912
2580,561
2581,509
2582,624
2583,974
2584,614
2585,779
2586,913
2587,79
2588,788
2589,865
2590,645
2591,352
2592,454
2593,374
2594,467
2595,865
2596,517
2597,512
2598,788
2599,468
2600,582
2601,788
2602,561
2603,503
2604,872
2605,631
2606,403
2607,45
2608,206
2609,634
2610,788
2611,403
2612,509
2613,555
2614,779
2615,476
2616,251
2617,394
2618,864
2619,779
2620,444
2621,92
2622,779
2623,668
2624,284
2625,865
2626,865
2627,522
2628,762
2629,274
2630,509
2631,211
2632,435
2633,628
2634,466
2635,561
2636,788
2637,61
2638,865
2639,788
2640,788
2641,300
2642,573
2643,259
2644,889
2645,621
2646,776
2647,88
2648,139
2649,275
2650,191
2651,788
2652,15
2653,865
2654,352
2655,762
2656,624
2657,625
2658,683
2659,195
2660,916
2661,982
2662,645
2663,788
2664,537
2665,537
2666,78
2667,668
2668,788
2669,509
2670,405
2671,536
2672,917
2673,825
2674,576
2675,768
2676,408
2677,779
2678,617
2679,843
2680,805
2681,536
2682,722
2683,199
2684,241
2685,413
2686,476
2687,586
2688,346
2689,156
2690,45
2691,843
2692,335
2693,865
2694,778
2695,617
2696,328
2697,536
2698,542
2699,580
2700,888
2701,801
2702,293
2703,663
2704,555
2705,703
2706,156
2707,779
2708,611
2709,625
2710,184
2711,403
2712,814
2713,812
2714,847
2715,858
2716,628
2717,555
2718,788
2719,413
2720,847
2721,913
2722,582
2723,510
2724,306
2725,956
2726,573
2727,274
2728,988
2729,167
2730,978
2731,956
2732,525
2733,788
2734,979
2735,249
2736,537
2737,488
2738,788
2739,671
2740,509
2741,865
2742,943
2743,634
2744,403
2745,510
2746,467
2747,403
2748,509
2749,576
2750,220
2751,683
2752,45
2753,582
2754,536
2755,603
2756,586
2757,624
2758,865
2759,346
2760,555
2761,468
2762,802
2763,403
2764,864
2765,865
2766,45
2767,625
2768,288
2769,71
2770,864
2771,509
2772,403
2773,795
2774,996
2775,865
2776,776
2777,576
2778,788
2779,625
2780,537
2781,251
2782,403
2783,798
2784,510
2785,762
2786,37
2787,986
2788,64
2789,537
2790,536
2791,916
2792,476
2793,510
2794,984
2795,789
2796,875
2797,634
2798,435
2799,847
2800,140
2801,118
2802,625
2803,825
2804,582
2805,788
2806,403
2807,576
2808,509
2809,476
2810,875
2811,628
2812,403
2813,972
2814,870
2815,403
2816,123
2817,569
2818,978
2819,628
2820,292
2821,522
2822,573
2823,847
2824,512
2825,555
2826,865
2827,580
2828,788
2829,880
2830,555
2831,43
2832,980
2833,408
2834,645
2835,954
2836,441
2837,310
2838,843
2839,788
2840,403
2841,776
2842,61
2843,762
2844,683
2845,614
2846,541
2847,293
2848,624
2849,815
2850,698
2851,865
2852,864
2853,718
2854,871
2855,510
2856,825
2857,668
2858,454
2859,251
2860,555
2861,476
2862,788
2863,625
2864,403
2865,883
2866,510
2867,360
2868,582
2869,625
2870,509
2871,865
2872,537
2873,865
2874,449
2875,667
2876,403
2877,953
2878,822
2879,788
2880,642
2881,275
2882,152
2883,625
2884,825
2885,670
2886,88
2887,554
2888,595
2889,865
2890,50
2891,978
2892,78
2893,606
2894,489
2895,561
2896,403
2897,565
2898,518
2899,984
2900,762
2901,467
2902,611
2903,580
2904,802
2905,293
2906,467
2907,540
2908,611
2909,960
2910,788
2911,537
2912,788
2913,602
2914,483
2915,449
2916,612
2917,25
2918,218
2919,864
2920,408
2921,61
2922,667
2923,549
2924,878
2925,814
2926,864
2927,561
2928,803
2929,135
2930,625
2931,718
2932,625
2933,980
2934,555
2935,30
2936,537
2937,554
2938,288
2939,355
2940,472
2941,476
2942,537
2943,847
2944,788
2945,61
2946,510
2947,510
2948,61
2949,865
2950,217
2951,554
2952,148
2953,832
2954,173
2955,779
2956,488
2957,540
2958,628
2959,634
2960,916
2961,812
2962,978
2963,91
2964,50
2965,586
2966,625
2967,860
2968,847
2969,858
2970,403
2971,671
2972,978
2973,81
2974,788
2975,814
2976,497
2977,307
2978,788
2979,509
2980,45
2981,671
2982,780
2983,956
2984,413
2985,780
2986,586
2987,576
2988,788
2989,625
2990,864
2991,668
2992,973
2993,788
2994,512
2995,625
2996,795
2997,274
2998,509
2999,625
3000,762
3001,586
3002,730
3003,343
3004,454
3005,996
3006,833
3007,634
3008,538
3009,800
3010,997
3011,916
3012,832
3013,730
3014,865
3015,956
3016,217
3017,556
3018,293
3019,476
3020,788
3021,241
3022,218
3023,931
3024,895
3025,912
3026,45
3027,576
3028,576
3029,865
3030,665
3031,996
3032,444
3033,403
3034,615
3035,923
3036,762
3037,624
3038,586
3039,665
3040,38
3041,730
3042,509
3043,62
3044,64
3045,228
3046,569
3047,249
3048,683
3049,509
3050,788
3051,802
3052,195
3053,764
3054,470
3055,865
3056,123
3057,734
3058,546
3059,645
3060,517
3061,956
3062,701
3063,645
3064,864
3065,310
3066,916
3067,603
3068,730
3069,119
3070,9
3071,403
3072,762
3073,805
3074,460
3075,648
3076,71
3077,917
3078,801
3079,509
3080,916
3081,61
3082,762
3083,856
3084,762
3085,867
3086,422
3087,234
3088,422
3089,403
3090,825
3091,611
3092,817
3093,860
3094,788
3095,561
3096,987
3097,368
3098,956
3099,67
3100,584
3101,960
3102,406
3103,537
3104,978
3105,802
3106,116
3107,403
3108,987
3109,803
3110,645
3111,865
3112,314
3113,920
3114,554
3115,183
3116,788
3117,540
3118,779
3119,476
3120,170
3121,776
3122,403
3123,576
3124,496
3125,406
3126,909
3127,865
3128,812
3129,500
3130,670
3131,38
3132,788
3133,244
3134,848
3135,795
3136,625
3137,509
3138,916
3139,625
3140,36
3141,865
3142,159
3143,536
3144,825
3145,476
3146,603
3147,865
3148,730
3149,410
3150,62
3151,624
3152,145
3153,625
3154,595
3155,323
3156,558
3157,237
3158,454
3159,671
3160,573
3161,814
3162,403
3163,536
3164,576
3165,310
3166,32
3167,582
3168,301
3169,272
3170,509
3171,352
3172,865
3173,865
3174,562
3175,71
3176,555
3177,670
3178,611
3179,324
3180,310
3181,554
3182,825
3183,628
3184,554
3185,865
3186,660
3187,116
3188,555
3189,61
3190,403
3191,396
3192,780
3193,65
3194,385
3195,908
3196,845
3197,645
3198,922
3199,38
3200,943
3201,665
3202,403
3203,772
3204,305
3205,251
3206,275
3207,788
3208,518
3209,509
3210,927
3211,467
3212,555
3213,726
3214,536
3215,734
3216,251
3217,668
3218,408
3219,683
3220,760
3221,509
3222,522
3223,625
3224,162
3225,509
3226,591
3227,98
3228,875
3229,780
3230,460
3231,591
3232,415
3233,537
3234,865
3235,865
3236,445
3237,526
3238,865
3239,779
3240,50
3241,843
3242,865
3243,199
3244,611
3245,61
3246,833
3247,62
3248,829
3249,603
3250,167
3251,852
3252,586
3253,865
3254,852
3255,812
3256,565
3257,668
3258,625
3259,683
3260,586
3261,599
3262,497
3263,865
3264,45
3265,270
3266,865
3267,509
3268,510
3269,698
3270,788
3271,558
3272,25
3273,517
3274,802
3275,988
3276,870
3277,560
3278,576
3279,112
3280,996
3281,779
3282,445
3283,603
3284,406
3285,430
3286,403
3287,788
3288,786
3289,642
3290,608
3291,61
3292,378
3293,856
3294,406
3295,467
3296,698
3297,79
3298,625
3299,45
3300,670
3301,624
3302,217
3303,415
3304,512
3305,155
3306,825
3307,509
3308,985
3309,403
3310,776
3311,814
3312,228
3313,603
3314,779
3315,865
3316,403
3317,560
3318,847
3319,403
3320,586
3321,865
3322,379
3323,825
3324,233
3325,833
3326,847
3327,847
3328,603
3329,624
3330,865
3331,275
3332,161
3333,489
3334,279
3335,300
3336,420
3337,956
3338,895
3339,864
3340,327
3341,611
3342,832
3343,536
3344,408
3345,634
3346,444
3347,833
3348,310
3349,788
3350,537
3351,417
3352,199
3353,67
3354,107
3355,84
3356,173
3357,303
3358,403
3359,112
3360,922
3361,864
3362,251
3363,569
3364,218
3365,887
3366,798
3367,422
3368,476
3369,780
3370,706
3371,509
3372,374
3373,724
3374,410
3375,791
3376,595
3377,483
3378,555
3379,582
3380,788
3381,595
3382,536
3383,786
3384,595
3385,467
3386,970
3387,788
3388,555
3389,860
3390,554
3391,580
3392,779
3393,580
3394,865
3395,509
3396,467
3397,847
3398,536
3399,467
3400,476
3401,346
3402,611
3403,573
3404,540
3405,860
3406,624
3407,156
3408,49
3409,624
3410,512
3411,573
3412,536
3413,67
3414,956
3415,84
3416,858
3417,860
3418,872
3419,788
3420,62
3421,293
3422,561
3423,788
3424,403
3425,791
3426,611
3427,724
3428,865
3429,71
3430,119
3431,595
3432,625
3433,510
3434,611
3435,476
3436,561
3437,595
3438,865
3439,865
3440,856
3441,509
3442,61
3443,865
3444,251
3445,979
3446,403
3447,536
3448,586
3449,442
3450,795
3451,327
3452,786
3453,488
3454,222
3455,560
3456,625
3457,832
3458,403
3459,10
3460,665
3461,713
3462,61
3463,595
3464,625
3465,974
3466,690
3467,575
3468,306
3469,865
3470,977
3471,251
3472,653
3473,858
3474,833
3475,865
3476,917
3477,218
3478,788
3479,384
3480,288
3481,586
3482,354
3483,554
3484,845
3485,993
3486,410
3487,62
3488,648
3489,554
3490,788
3491,922
3492,211
3493,540
3494,512
3495,573
3496,71
3497,788
3498,625
3499,555
3500,788
3501,864
3502,665
3503,788
3504,698
3505,865
3506,937
3507,679
3508,788
3509,611
3510,770
3511,780
3512,403
3513,403
3514,954
3515,509
3516,94
3517,614
3518,251
3519,573
3520,375
3521,788
3522,683
3523,403
3524,310
3525,908
3526,509
3527,586
3528,603
3529,135
3530,80
3531,671
3532,829
3533,275
3534,264
3535,788
3536,800
3537,454
3538,537
3539,406
3540,536
3541,214
3542,634
3543,576
3544,471
3545,683
3546,599
3547,599
3548,865
3549,408
3550,275
3551,540
3552,977
3553,404
3554,118
3555,788
3556,214
3557,865
3558,703
3559,249
3560,251
3561,191
3562,641
3563,625
3564,309
3565,661
3566,690
3567,642
3568,123
3569,214
3570,522
3571,476
3572,571
3573,764
3574,805
3575,342
3576,603
3577,864
3578,555
3579,543
3580,346
3581,625
3582,875
3583,313
3584,865
3585,79
3586,348
3587,468
3588,858
3589,586
3590,310
3591,621
3592,272
3593,71
3594,628
3595,537
3596,634
3597,788
3598,715
3599,72
3600,27
3601,595
3602,536
3603,788
3604,788
3605,195
3606,555
3607,116
3608,788
3609,671
3610,858
3611,555
3612,996
3613,167
3614,788
3615,373
3616,509
3617,860
3618,661
3619,628
3620,555
3621,788
3622,982
3623,762
3624,25
3625,522
3626,586
3627,476
3628,488
3629,62
3630,794
3631,988
3632,788
3633,88
3634,916
3635,251
3636,755
3637,554
3638,860
3639,865
3640,310
3641,403
3642,996
3643,537
3644,540
3645,953
3646,536
3647,913
3648,984
3649,864
3650,951
3651,668
3652,864
3653,537
3654,310
3655,599
3656,580
3657,856
3658,554
3659,403
3660,956
3661,79
3662,159
3663,698
3664,621
3665,509
3666,917
3667,634
3668,251
3669,171
3670,309
3671,537
3672,788
3673,628
3674,45
3675,715
3676,867
3677,628
3678,586
3679,974
3680,916
3681,862
3682,762
3683,690
3684,864
3685,786
3686,275
3687,310
3688,715
3689,406
3690,403
3691,776
3692,403
3693,779
3694,403
3695,509
3696,825
3697,555
3698,621
3699,225
3700,573
3701,555
3702,509
3703,984
3704,794
3705,251
3706,509
3707,865
3708,383
3709,488
3710,429
3711,724
3712,788
3713,993
3714,509
3715,788
3716,537
3717,496
3718,512
3719,403
3720,857
3721,645
3722,403
3723,802
3724,749
3725,403
3726,89
3727,984
3728,45
3729,858
3730,517
3731,715
3732,169
3733,668
3734,79
3735,603
3736,698
3737,628
3738,45
3739,403
3740,858
3741,603
3742,603
3743,269
3744,510
3745,580
3746,884
3747,628
3748,578
3749,569
3750,143
3751,476
3752,249
3753,625
3754,853
3755,537
3756,865
3757,668
3758,62
3759,865
3760,865
3761,683
3762,404
3763,536
3764,795
3765,586
3766,586
3767,856
3768,476
3769,323
3770,251
3771,573
3772,591
3773,306
3774,919
3775,868
3776,920
3777,847
3778,788
3779,865
3780,873
3781,624
3782,139
3783,293
3784,227
3785,191
3786,112
3787,284
3788,569
3789,738
3790,403
3791,856
3792,582
3793,832
3794,762
3795,611
3796,779
3797,625
3798,740
3799,625
3800,788
3801,512
3802,526
3803,603
3804,291
3805,500
3806,580
3807,625
3808,625
3809,555
3810,858
3811,825
3812,123
3813,984
3814,791
3815,241
3816,540
3817,625
3818,980
3819,512
3820,403
3821,582
3822,586
3823,779
3824,403
3825,634
3826,403
3827,922
3828,509
3829,536
3830,234
3831,403
3832,634
3833,625
3834,794
3835,403
3836,864
3837,61
3838,701
3839,510
3840,509
3841,888
3842,535
3843,720
3844,554
3845,66
3846,760
3847,873
3848,661
3849,112
3850,617
3851,755
3852,259
3853,403
3854,405
3855,555
3856,251
3857,118
3858,984
3859,62
3860,671
3861,241
3862,410
3863,509
3864,353
3865,103
3866,261
3867,875
3868,310
3869,823
3870,625
3871,540
3872,330
3873,157
3874,573
3875,788
3876,982
3877,251
3878,383
3879,480
3880,191
3881,61
3882,536
3883,853
3884,779
3885,509
3886,984
3887,795
3888,825
3889,832
3890,45
3891,363
3892,625
3893,488
3894,671
3895,251
3896,603
3897,706
3898,871
3899,865
3900,476
3901,451
3902,779
3903,801
3904,300
3905,425
3906,354
3907,391
3908,715
3909,788
3910,715
3911,348
3912,310
3913,384
3914,403
3915,865
3916,860
3917,582
3918,996
3919,715
3920,468
3921,922
3922,300
3923,50
3924,986
3925,525
3926,555
3927,301
3928,417
3929,509
3930,740
3931,576
3932,509
3933,221
3934,801
3935,909
3936,135
3937,25
3938,976
3939,865
3940,802
3941,714
3942,858
3943,611
3944,949
3945,805
3946,403
3947,865
3948,898
3949,716
3950,986
3951,865
3952,986
3953,625
3954,573
3955,439
3956,433
3957,476
3958,536
3959,105
3960,865
3961,898
3962,54
3963,36
3964,865
3965,865
3966,62
3967,917
3968,998
3969,599
3970,865
3971,384
3972,272
3973,537
3974,788
3975,984
3976,979
3977,860
3978,788
3979,503
3980,25
3981,429
3982,512
3983,510
3984,788
3985,595
3986,550
3987,815
3988,555
3989,536
3990,555
3991,328
3992,825
3993,858
3994,536
3995,415
3996,350
3997,668
3998,374
3999,865
4000,313
4001,957
4002,25
4003,788
4004,624
4005,425
4006,722
4007,60
4008,403
4009,537
4010,668
4011,865
4012,762
4013,634
4014,780
4015,537
4016,497
4017,510
4018,996
4019,537
4020,788
4021,668
4022,198
4023,984
4024,467
4025,624
4026,449
4027,543
4028,224
4029,865
4030,537
4031,923
4032,953
4033,953
4034,408
4035,730
4036,171
4037,880
4038,32
4039,565
4040,509
4041,625
4042,847
4043,45
4044,832
4045,554
4046,634
4047,749
4048,403
4049,173
4050,57
4051,800
4052,788
4053,634
4054,858
4055,847
4056,555
4057,628
4058,847
4059,978
4060,512
4061,625
4062,536
4063,513
4064,865
4065,517
4066,536
4067,543
4068,251
4069,346
4070,62
4071,730
4072,847
4073,595
4074,617
4075,716
4076,825
4077,554
4078,468
4079,45
4080,648
4081,536
4082,762
4083,730
4084,625
4085,814
4086,865
4087,815
4088,554
4089,871
4090,788
4091,30
4092,540
4093,79
4094,561
4095,45
4096,776
4097,772
4098,802
4099,518
4100,293
4101,11
4102,250
4103,541
4104,509
4105,165
4106,408
4107,802
4108,730
4109,573
4110,537
4111,602
4112,558
4113,554
4114,914
4115,833
4116,732
4117,409
4118,762
4119,41
4120,698
4121,634
4122,825
4123,135
4124,814
4125,30
4126,865
4127,652
4128,661
4129,908
4130,625
4131,791
4132,665
4133,812
4134,595
4135,660
4136,536
4137,794
4138,490
4139,634
4140,625
4141,416
4142,39
4143,975
4144,155
4145,645
4146,788
4147,509
4148,963
4149,500
4150,576
4151,628
4152,555
4153,611
4154,847
4155,788
4156,884
4157,57
4158,872
4159,788
4160,574
4161,352
4162,467
4163,174
4164,825
4165,788
4166,110
4167,987
4168,67
4169,302
4170,586
4171,671
4172,716
4173,953
4174,573
4175,9
4176,245
4177,113
4178,788
4179,573
4180,454
4181,993
4182,510
4183,918
4184,723
4185,621
4186,403
4187,364
4188,624
4189,825
4190,718
4191,649
4192,384
4193,734
4194,346
4195,788
4196,908
4197,645
4198,628
4199,776
4200,45
4201,683
4202,481
4203,845
4204,798
4205,536
4206,741
4207,800
4208,802
4209,873
4210,573
4211,408
4212,586
4213,779
4214,698
4215,251
4216,698
4217,788
4218,255
4219,922
4220,119
4221,625
4222,454
4223,603
4224,218
4225,783
4226,489
4227,234
4228,917
4229,730
4230,625
4231,611
4232,788
4233,903
4234,476
4235,762
4236,625
4237,972
4238,251
4239,573
4240,832
4241,918
4242,586
4243,946
4244,522
4245,668
4246,156
4247,424
4248,788
4249,468
4250,510
4251,555
4252,800
4253,420
4254,762
4255,546
4256,858
4257,159
4258,762
4259,573
4260,139
4261,603
4262,139
4263,895
4264,410
4265,251
4266,713
4267,718
4268,275
4269,220
4270,449
4271,922
4272,536
4273,50
4274,802
4275,509
4276,858
4277,591
4278,788
4279,825
4280,886
4281,762
4282,576
4283,698
4284,509
4285,584
4286,825
4287,611
4288,864
4289,865
4290,788
4291,449
4292,509
4293,536
4294,343
4295,251
4296,595
4297,788
4298,715
4299,555
4300,730
4301,595
4302,403
4303,878
4304,865
4305,847
4306,127
4307,555
4308,788
4309,540
4310,779
4311,864
4312,183
4313,860
4314,803
4315,250
4316,625
4317,537
4318,611
4319,241
4320,713
4321,586
4322,580
4323,62
4324,408
4325,679
4326,509
4327,788
4328,352
4329,663
4330,552
4331,395
4332,982
4333,871
4334,628
4335,595
4336,803
4337,468
4338,876
4339,937
4340,825
4341,788
4342,468
4343,554
4344,454
4345,916
4346,139
4347,880
4348,919
4349,776
4350,690
4351,858
4352,540
4353,25
4354,943
4355,683
4356,857
4357,802
4358,554
4359,730
4360,956
4361,509
4362,143
4363,576
4364,864
4365,488
4366,336
4367,795
4368,802
4369,244
4370,403
4371,225
4372,683
4373,843
4374,805
4375,779
4376,625
4377,802
4378,847
4379,449
4380,522
4381,988
4382,513
4383,220
4384,671
4385,554
4386,554
4387,536
4388,611
4389,576
4390,862
4391,23
4392,996
4393,540
4394,629
4395,350
4396,865
4397,290
4398,348
4399,490
4400,825
4401,914
4402,788
4403,488
4404,403
4405,36
4406,403
4407,788
4408,580
4409,251
4410,788
4411,628
4412,554
4413,668
4414,555
4415,536
4416,979
4417,540
4418,654
4419,855
4420,510
4421,825
4422,310
4423,865
4424,599
4425,47
4426,606
4427,580
4428,788
4429,885
4430,573
4431,847
4432,306
4433,625
4434,509
4435,832
4436,621
4437,536
4438,293
4439,512
4440,573
4441,54
4442,683
4443,974
4444,865
4445,865
4446,756
4447,670
4448,865
4449,595
4450,195
4451,603
4452,657
4453,310
4454,595
4455,788
4456,118
4457,614
4458,762
4459,865
4460,875
4461,403
4462,403
4463,218
4464,984
4465,404
4466,652
4467,812
4468,743
4469,978
4470,350
4471,573
4472,625
4473,251
4474,984
4475,555
4476,435
4477,788
4478,561
4479,45
4480,625
4481,779
4482,25
4483,624
4484,555
4485,780
4486,91
4487,284
4488,984
4489,865
4490,138
4491,403
4492,2
4493,800
4494,628
4495,576
4496,916
4497,468
4498,284
4499,275
4500,580
4501,403
4502,251
4503,477
4504,878
4505,236
4506,573
4507,847
4508,537
4509,586
4510,628
4511,641
4512,403
4513,916
4514,415
4515,847
4516,595
4517,554
4518,698
4519,898
4520,576
4521,340
4522,293
4523,628
4524,984
4525,788
4526,827
4527,896
4528,395
4529,762
4530,750
4531,62
4532,554
4533,512
4534,865
4535,407
4536,916
4537,310
4538,573
4539,61
4540,471
4541,628
4542,984
4543,25
4544,566
4545,978
4546,825
4547,858
4548,788
4549,562
4550,586
4551,847
4552,603
4553,730
4554,241
4555,488
4556,850
4557,691
4558,552
4559,513
4560,509
4561,556
4562,779
4563,865
4564,671
4565,264
4566,558
4567,625
4568,586
4569,657
4570,536
4571,378
4572,858
4573,293
4574,580
4575,645
4576,674
4577,628
4578,258
4579,241
4580,454
4581,555
4582,467
4583,403
4584,865
4585,488
4586,554
4587,576
4588,352
4589,825
4590,979
4591,171
4592,293
4593,865
4594,603
4595,857
4596,917
4597,956
4598,81
4599,697
4600,845
4601,917
4602,845
4603,67
4604,584
4605,858
4606,454
4607,718
4608,305
4609,163
4610,956
4611,668
4612,288
4613,289
4614,454
4615,917
4616,788
4617,54
4618,467
4619,543
4620,509
4621,403
4622,788
4623,100
4624,889
4625,922
4626,522
4627,565
4628,537
4629,172
4630,668
4631,403
4632,561
4633,624
4634,22
4635,683
4636,352
4637,61
4638,403
4639,167
4640,310
4641,537
4642,45
4643,867
4644,970
4645,307
4646,788
4647,624
4648,112
4649,865
4650,251
4651,912
4652,38
4653,580
4654,595
4655,467
4656,555
4657,517
4658,769
4659,625
4660,409
4661,569
4662,580
4663,509
4664,713
4665,135
4666,408
4667,943
4668,794
4669,819
4670,354
4671,730
4672,389
4673,432
4674,555
4675,718
4676,43
4677,654
4678,914
4679,598
4680,561
4681,648
4682,25
4683,625
4684,762
4685,582
4686,957
4687,509
4688,540
4689,444
4690,403
4691,865
4692,130
4693,488
4694,536
4695,865
4696,865
4697,573
4698,788
4699,45
4700,415
4701,918
4702,540
4703,788
4704,554
4705,892
4706,996
4707,880
4708,483
4709,537
4710,537
4711,916
4712,301
4713,825
4714,625
4715,865
4716,908
4717,864
4718,865
4719,625
4720,573
4721,218
4722,788
4723,586
4724,668
4725,625
4726,586
4727,201
4728,788
4729,580
4730,825
4731,922
4732,829
4733,349
4734,628
4735,403
4736,11
4737,555
4738,865
4739,621
4740,540
4741,287
4742,164
4743,64
4744,634
4745,795
4746,670
4747,403
4748,537
4749,536
4750,554
4751,975
4752,289
4753,668
4754,632
4755,734
4756,865
4757,300
4758,820
4759,625
4760,788
4761,112
4762,606
4763,762
4764,847
4765,864
4766,404
4767,573
4768,84
4769,832
4770,791
4771,973
4772,555
4773,625
4774,715
4775,78
4776,996
4777,510
4778,611
4779,436
4780,582
4781,76
4782,991
4783,403
4784,151
4785,449
4786,135
4787,592
4788,555
4789,628
4790,344
4791,889
4792,350
4793,554
4794,555
4795,415
4796,625
4797,603
4798,555
4799,509
4800,561
4801,625
4802,519
4803,512
4804,984
4805,467
4806,978
4807,847
4808,788
4809,628
4810,12
4811,867
4812,170
4813,291
4814,80
4815,762
4816,552
4817,865
4818,171
4819,512
4820,628
4821,927
4822,800
4823,788
4824,382
4825,670
4826,865
4827,443
4828,384
4829,865
4830,825
4831,28
4832,625
4833,67
4834,788
4835,410
4836,847
4837,621
4838,864
4839,312
4840,347
4841,788
4842,758
4843,293
4844,788
4845,744
4846,467
4847,595
4848,889
4849,403
4850,151
4851,671
4852,889
4853,775
4854,988
4855,895
4856,467
4857,45
4858,147
4859,554
4860,512
4861,68
4862,257
4863,402
4864,756
4865,83
4866,536
4867,864
4868,251
4869,951
4870,510
4871,352
4872,865
4873,466
4874,984
4875,999
4876,857
4877,408
4878,788
4879,510
4880,599
4881,788
4882,580
4883,916
4884,45
4885,833
4886,403
4887,776
4888,586
4889,802
4890,762
4891,921
4892,281
4893,865
4894,762
4895,580
4896,625
4897,125
4898,403
4899,123
4900,628
4901,509
4902,536
4903,60
4904,407
4905,625
4906,92
4907,614
4908,519
4909,727
4910,706
4911,403
4912,917
4913,116
4914,829
4915,540
4916,634
4917,984
4918,865
4919,670
4920,195
4921,762
4922,603
4923,760
4924,698
4925,275
4926,645
4927,509
4928,726
4929,403
4930,586
4931,540
4932,172
4933,576
4934,560
4935,510
4936,512
4937,432
4938,403
4939,779
4940,908
4941,788
4942,510
4943,47
4944,786
4945,865
4946,510
4947,118
4948,628
4949,444
4950,293
4951,326
4952,847
4953,847
4954,173
4955,476
4956,865
4957,288
4958,825
4959,306
4960,159
4961,865
4962,847
4963,127
4964,342
4965,36
4966,762
4967,820
4968,847
4969,408
4970,408
4971,454
4972,536
4973,757
4974,403
4975,715
4976,135
4977,582
4978,865
4979,865
4980,973
4981,871
4982,825
4983,762
4984,780
4985,163
4986,586
4987,561
4988,489
4989,403
4990,764
4991,683
4992,698
4993,986
4994,788
4995,757
4996,375
4997,888
4998,251
4999,45
5000,603
5001,555
5002,580
5003,586
5004,595
5005,510
5006,625
5007,468
5008,976
5009,406
5010,561
5011,814
5012,642
5013,156
5014,536
5015,956
5016,865
5017,595
5018,800
5019,803
5020,625
5021,540
5022,275
5023,786
5024,611
5025,766
5026,403
5027,536
5028,628
5029,350
5030,536
5031,788
5032,403
5033,517
5034,554
5035,403
5036,980
5037,300
5038,984
5039,984
5040,537
5041,833
5042,310
5043,922
5044,780
5045,788
5046,173
5047,922
5048,972
5049,540
5050,788
5051,27
5052,555
5053,895
5054,865
5055,509
5056,889
5057,61
5058,937
5059,25
5060,555
5061,625
5062,78
5063,537
5064,509
5065,845
5066,510
5067,847
5068,251
5069,293
5070,779
5071,552
5072,554
5073,517
5074,509
5075,580
5076,536
5077,917
5078,406
5079,350
5080,800
5081,865
5082,576
5083,403
5084,624
5085,788
5086,788
5087,483
5088,403
5089,937
5090,737
5091,54
5092,388
5093,45
5094,301
5095,384
5096,858
5097,279
5098,71
5099,612
5100,788
5101,576
5102,536
5103,922
5104,569
5105,293
5106,301
5107,595
5108,148
5109,251
5110,627
5111,780
5112,293
5113,671
5114,625
5115,858
5116,645
5117,853
5118,871
5119,815
5120,762
5121,554
5122,555
5123,512
5124,832
5125,403
5126,628
5127,779
5128,536
5129,509
5130,342
5131,554
5132,509
5133,983
5134,833
5135,195
5136,0
5137,555
5138,865
5139,847
5140,867
5141,788
5142,628
5143,442
5144,536
5145,540
5146,984
5147,555
5148,274
5149,998
5150,555
5151,375
5152,403
5153,595
5154,444
5155,943
5156,668
5157,135
5158,476
5159,306
5160,78
5161,744
5162,956
5163,306
5164,730
5165,958
5166,62
5167,536
5168,746
5169,982
5170,984
5171,509
5172,403
5173,671
5174,788
5175,865
5176,786
5177,488
5178,625
5179,46
5180,580
5181,403
5182,544
5183,634
5184,573
5185,671
5186,892
5187,510
5188,865
5189,247
5190,306
5191,403
5192,416
5193,251
5194,690
5195,540
5196,788
5197,413
5198,540
5199,788
5200,576
5201,171
5202,677
5203,580
5204,112
5205,413
5206,595
5207,783
5208,415
5209,45
5210,404
5211,876
5212,762
5213,218
5214,938
5215,943
5216,565
5217,944
5218,611
5219,865
5220,509
5221,573
5222,788
5223,429
5224,812
5225,865
5226,858
5227,865
5228,847
5229,716
5230,352
5231,257
5232,603
5233,510
5234,451
5235,865
5236,403
5237,576
5238,984
5239,104
5240,323
5241,795
5242,425
5243,788
5244,956
5245,825
5246,25
5247,510
5248,786
5249,580
5250,314
5251,293
5252,611
5253,943
5254,347
5255,565
5256,107
5257,375
5258,586
5259,409
5260,335
5261,847
5262,439
5263,654
5264,603
5265,555
5266,301
5267,625
5268,628
5269,549
5270,409
5271,586
5272,625
5273,573
5274,432
5275,634
5276,403
5277,671
5278,625
5279,624
5280,584
5281,865
5282,795
5283,310
5284,517
5285,509
5286,489
5287,621
5288,576
5289,435
5290,683
5291,218
5292,788
5293,634
5294,892
5295,62
5296,291
5297,573
5298,306
5299,216
5300,536
5301,648
5302,251
5303,78
5304,865
5305,762
5306,554
5307,917
5308,573
5309,880
5310,865
5311,167
5312,625
5313,788
5314,50
5315,865
5316,762
5317,847
5318,611
5319,802
5320,788
5321,61
5322,703
5323,284
5324,503
5325,762
5326,525
5327,268
5328,634
5329,795
5330,468
5331,4
5332,403
5333,38
5334,984
5335,313
5336,857
5337,663
5338,788
5339,346
5340,244
5341,307
5342,537
5343,698
5344,989
5345,250
5346,537
5347,788
5348,406
5349,698
5350,536
5351,829
5352,625
5353,795
5354,865
5355,555
5356,642
5357,814
5358,917
5359,510
5360,540
5361,595
5362,762
5363,350
5364,118
5365,677
5366,916
5367,555
5368,878
5369,634
5370,825
5371,488
5372,786
5373,625
5374,802
5375,555
5376,744
5377,734
5378,698
5379,509
5380,865
5381,603
5382,537
5383,467
5384,621
5385,310
5386,403
5387,310
5388,611
5389,537
5390,788
5391,780
5392,683
5393,403
5394,858
5395,757
5396,692
5397,628
5398,756
5399,171
5400,488
5401,814
5402,306
5403,788
5404,625
5405,788
5406,703
5407,922
5408,865
5409,625
5410,788
5411,737
5412,762
5413,241
5414,865
5415,560
5416,550
5417,306
5418,912
5419,123
5420,844
5421,867
5422,780
5423,865
5424,433
5425,794
5426,984
5427,612
5428,621
5429,183
5430,624
5431,611
5432,927
5433,512
5434,625
5435,509
5436,802
5437,677
5438,413
5439,112
5440,661
5441,625
5442,580
5443,444
5444,468
5445,625
5446,788
5447,975
5448,762
5449,432
5450,624
5451,788
5452,576
5453,536
5454,454
5455,100
5456,832
5457,25
5458,84
5459,634
5460,769
5461,350
5462,788
5463,113
5464,470
5465,293
5466,814
5467,668
5468,307
5469,996
5470,476
5471,71
5472,394
5473,847
5474,241
5475,290
5476,352
5477,582
5478,798
5479,41
5480,865
5481,865
5482,280
5483,537
5484,536
5485,425
5486,554
5487,540
5488,788
5489,788
5490,586
5491,536
5492,970
5493,803
5494,832
5495,403
5496,847
5497,416
5498,449
5499,576
5500,611
5501,860
5502,642
5503,214
5504,403
5505,679
5506,779
5507,683
5508,802
5509,932
5510,571
5511,554
5512,310
5513,510
5514,843
5515,683
5516,346
5517,384
5518,61
5519,865
5520,751
5521,996
5522,953
5523,576
5524,671
5525,261
5526,509
5527,289
5528,555
5529,878
5530,779
5531,629
5532,509
5533,573
5534,788
5535,467
5536,25
5537,219
5538,898
5539,555
5540,625
5541,722
5542,625
5543,468
5544,614
5545,802
5546,310
5547,788
5548,779
5549,860
5550,762
5551,595
5552,536
5553,196
5554,403
5555,561
5556,625
5557,350
5558,509
5559,310
5560,142
5561,403
5562,683
5563,537
5564,865
5565,993
5566,576
5567,258
5568,956
5569,403
5570,554
5571,306
5572,163
5573,69
5574,71
5575,625
5576,715
5577,788
5578,871
5579,634
5580,512
5581,762
5582,730
5583,314
5584,738
5585,222
5586,279
5587,611
5588,858
5589,825
5590,871
5591,201
5592,565
5593,625
5594,865
5595,537
5596,555
5597,788
5598,407
5599,509
5600,576
5601,870
5602,483
5603,522
5604,762
5605,762
5606,855
5607,860
5608,537
5609,860
5610,847
5611,509
5612,858
5613,496
5614,683
5615,45
5616,88
5617,509
5618,403
5619,628
5620,788
5621,403
5622,762
5623,591
5624,825
5625,865
5626,330
5627,614
5628,310
5629,536
5630,864
5631,573
5632,699
5633,788
5634,306
5635,403
5636,61
5637,408
5638,443
5639,549
5640,251
5641,476
5642,310
5643,795
5644,718
5645,788
5646,276
5647,534
5648,296
5649,465
5650,760
5651,500
5652,847
5653,833
5654,879
5655,576
5656,45
5657,864
5658,820
5659,537
5660,603
5661,241
5662,788
5663,576
5664,289
5665,592
5666,986
5667,847
5668,865
5669,764
5670,802
5671,537
5672,794
5673,875
5674,573
5675,600
5676,537
5677,220
5678,225
5679,595
5680,679
5681,860
5682,663
5683,510
5684,802
5685,875
5686,476
5687,983
5688,860
5689,988
5690,281
5691,201
5692,724
5693,552
5694,264
5695,871
5696,671
5697,788
5698,62
5699,554
5700,624
5701,802
5702,855
5703,586
5704,965
5705,735
5706,825
5707,468
5708,730
5709,666
5710,865
5711,648
5712,561
5713,302
5714,795
5715,153
5716,536
5717,677
5718,45
5719,767
5720,404
5721,715
5722,199
5723,788
5724,403
5725,235
5726,218
5727,795
5728,554
5729,802
5730,864
5731,865
5732,135
5733,843
5734,628
5735,293
5736,510
5737,61
5738,847
5739,123
5740,642
5741,887
5742,788
5743,927
5744,555
5745,862
5746,573
5747,624
5748,293
5749,764
5750,645
5751,350
5752,865
5753,762
5754,889
5755,580
5756,861
5757,871
5758,611
5759,512
5760,683
5761,953
5762,786
5763,832
5764,802
5765,454
5766,467
5767,698
5768,927
5769,510
5770,203
5771,624
5772,595
5773,956
5774,489
5775,415
5776,913
5777,978
5778,555
5779,123
5780,866
5781,595
5782,323
5783,50
5784,865
5785,625
5786,670
5787,467
5788,509
5789,800
5790,892
5791,509
5792,234
5793,509
5794,865
5795,730
5796,537
5797,391
5798,923
5799,916
5800,746
5801,554
5802,416
5803,865
5804,776
5805,749
5806,573
5807,916
5808,555
5809,257
5810,151
5811,599
5812,422
5813,510
5814,510
5815,956
5816,916
5817,960
5818,253
5819,683
5820,79
5821,762
5822,251
5823,45
5824,363
5825,577
5826,649
5827,555
5828,946
5829,852
5830,779
5831,38
5832,199
5833,603
5834,510
5835,528
5836,865
5837,403
5838,53
5839,779
5840,537
5841,668
5842,503
5843,963
5844,351
5845,788
5846,540
5847,628
5848,241
5849,287
5850,537
5851,865
5852,214
5853,875
5854,927
5855,71
5856,779
5857,865
5858,786
5859,611
5860,540
5861,536
5862,509
5863,762
5864,794
5865,554
5866,121
5867,130
5868,225
5869,624
5870,512
5871,634
5872,871
5873,476
5874,825
5875,625
5876,865
5877,510
5878,603
5879,62
5880,603
5881,825
5882,788
5883,865
5884,509
5885,227
5886,509
5887,467
5888,580
5889,788
5890,351
5891,403
5892,483
5893,628
5894,755
5895,801
5896,307
5897,323
5898,488
5899,31
5900,488
5901,698
5902,918
5903,603
5904,944
5905,625
5906,683
5907,671
5908,536
5909,625
5910,847
5911,697
5912,62
5913,123
5914,580
5915,966
5916,788
5917,251
5918,76
5919,646
5920,573
5921,625
5922,118
5923,461
5924,509
5925,788
5926,201
5927,500
5928,614
5929,415
5930,229
5931,517
5932,552
5933,956
5934,575
5935,237
5936,867
5937,864
5938,865
5939,61
5940,476
5941,586
5942,580
5943,762
5944,580
5945,865
5946,865
5947,683
5948,843
5949,454
5950,865
5951,573
5952,847
5953,455
5954,289
5955,675
5956,783
5957,540
5958,536
5959,350
5960,865
5961,788
5962,118
5963,880
5964,679
5965,555
5966,766
5967,814
5968,403
5969,668
5970,61
5971,61
5972,825
5973,510
5974,573
5975,603
5976,788
5977,843
5978,595
5979,563
5980,163
5981,996
5982,825
5983,383
5984,865
5985,982
5986,788
5987,738
5988,488
5989,634
5990,698
5991,555
5992,875
5993,61
5994,540
5995,354
5996,444
5997,803
5998,561
5999,512
6000,586
6001,762
6002,628
6003,264
6004,858
6005,522
6006,825
6007,540
6008,335
6009,984
6010,289
6011,832
6012,71
6013,502
6014,467
6015,788
6016,743
6017,865
6018,864
6019,225
6020,476
6021,865
6022,467
6023,251
6024,744
6025,313
6026,251
6027,776
6028,788
6029,509
6030,603
6031,847
6032,218
6033,896
6034,576
6035,582
6036,64
6037,509
6038,30
6039,918
6040,509
6041,832
6042,871
6043,979
6044,874
6045,45
6046,293
6047,788
6048,586
6049,467
6050,586
6051,573
6052,94
6053,510
6054,776
6055,488
6056,788
6057,922
6058,865
6059,410
6060,578
6061,11
6062,762
6063,956
6064,100
6065,871
6066,890
6067,864
6068,847
6069,68
6070,730
6071,788
6072,825
6073,595
6074,549
6075,169
6076,298
6077,614
6078,50
6079,825
6080,917
6081,373
6082,621
6083,537
6084,528
6085,284
6086,788
6087,537
6088,510
6089,690
6090,510
6091,788
6092,634
6093,191
6094,500
6095,320
6096,47
6097,123
6098,580
6099,614
6100,625
6101,829
6102,896
6103,128
6104,24
6105,403
6106,953
6107,897
6108,310
6109,403
6110,803
6111,621
6112,444
6113,561
6114,403
6115,788
6116,744
6117,444
6118,91
6119,802
6120,79
6121,561
6122,847
6123,788
6124,975
6125,916
6126,847
6127,779
6128,302
6129,293
6130,404
6131,788
6132,684
6133,576
6134,540
6135,555
6136,565
6137,116
6138,919
6139,802
6140,624
6141,918
6142,971
6143,628
6144,625
6145,779
6146,860
6147,107
6148,513
6149,580
6150,435
6151,642
6152,603
6153,156
6154,628
6155,825
6156,403
6157,858
6158,45
6159,197
6160,847
6161,788
6162,535
6163,864
6164,139
6165,240
6166,540
6167,613
6168,979
6169,510
6170,306
6171,986
6172,580
6173,9
6174,762
6175,122
6176,786
6177,540
6178,183
6179,624
6180,457
6181,483
6182,491
6183,847
6184,802
6185,918
6186,744
6187,788
6188,292
6189,509
6190,624
6191,628
6192,552
6193,576
6194,403
6195,500
6196,580
6197,536
6198,706
6199,769
6200,996
6201,181
6202,191
6203,979
6204,471
6205,860
6206,513
6207,287
6208,413
6209,437
6210,423
6211,621
6212,128
6213,978
6214,556
6215,403
6216,738
6217,454
6218,683
6219,956
6220,460
6221,865
6222,624
6223,865
6224,62
6225,253
6226,509
6227,347
6228,251
6229,546
6230,642
6231,632
6232,697
6233,403
6234,634
6235,916
6236,580
6237,403
6238,625
6239,865
6240,865
6241,241
6242,293
6243,306
6244,237
6245,350
6246,984
6247,218
6248,500
6249,415
6250,865
6251,123
6252,865
6253,788
6254,408
6255,847
6256,664
6257,100
6258,30
6259,586
6260,170
6261,865
6262,586
6263,973
6264,878
6265,724
6266,195
6267,536
6268,631
6269,123
6270,628
6271,253
6272,628
6273,865
6274,509
6275,825
6276,573
6277,865
6278,788
6279,403
6280,49
6281,384
6282,786
6283,537
6284,786
6285,128
6286,175
6287,275
6288,61
6289,233
6290,537
6291,488
6292,788
6293,568
6294,895
6295,131
6296,454
6297,625
6298,164
6299,978
6300,352
6301,509
6302,269
6303,878
6304,352
6305,331
6306,403
6307,61
6308,573
6309,540
6310,517
6311,275
6312,872
6313,323
6314,847
6315,540
6316,509
6317,918
6318,275
6319,865
6320,61
6321,275
6322,331
6323,916
6324,580
6325,228
6326,794
6327,599
6328,871
6329,509
6330,403
6331,847
6332,927
6333,698
6334,974
6335,60
6336,381
6337,611
6338,625
6339,159
6340,788
6341,292
6342,584
6343,552
6344,540
6345,794
6346,779
6347,25
6348,860
6349,81
6350,353
6351,306
6352,403
6353,865
6354,61
6355,488
6356,730
6357,665
6358,225
6359,917
6360,310
6361,776
6362,922
6363,61
6364,972
6365,555
6366,982
6367,512
6368,625
6369,403
6370,634
6371,537
6372,788
6373,540
6374,779
6375,812
6376,555
6377,892
6378,734
6379,476
6380,580
6381,974
6382,779
6383,522
6384,858
6385,558
6386,697
6387,353
6388,802
6389,4
6390,825
6391,873
6392,865
6393,738
6394,776
6395,395
6396,403
6397,292
6398,406
6399,611
6400,634
6401,314
6402,858
6403,788
6404,966
6405,628
6406,634
6407,788
6408,864
6409,580
6410,611
6411,745
6412,786
6413,843
6414,776
6415,788
6416,509
6417,842
6418,554
6419,413
6420,536
6421,865
6422,779
6423,603
6424,565
6425,537
6426,467
6427,922
6428,802
6429,691
6430,814
6431,984
6432,976
6433,865
6434,148
6435,865
6436,218
6437,683
6438,847
6439,668
6440,30
6441,573
6442,847
6443,788
6444,586
6445,525
6446,803
6447,454
6448,476
6449,762
6450,112
6451,102
6452,509
6453,9
6454,603
6455,858
6456,537
6457,611
6458,802
6459,580
6460,762
6461,119
6462,957
6463,522
6464,648
6465,603
6466,573
6467,762
6468,586
6469,586
6470,966
6471,213
6472,537
6473,537
6474,795
6475,802
6476,858
6477,724
6478,500
6479,61
6480,730
6481,724
6482,540
6483,786
6484,507
6485,144
6486,648
6487,603
6488,349
6489,865
6490,404
6491,30
6492,780
6493,213
6494,779
6495,716
6496,983
6497,865
6498,249
6499,865
6500,864
6501,788
6502,403
6503,716
6504,996
6505,698
6506,467
6507,611
6508,779
6509,788
6510,788
6511,691
6512,683
6513,625
6514,668
6515,576
6516,562
6517,788
6518,864
6519,652
6520,865
6521,537
6522,512
6523,671
6524,406
6525,776
6526,668
6527,996
6528,820
6529,301
6530,957
6531,865
6532,973
6533,264
6534,865
6535,325
6536,730
6537,135
6538,576
6539,917
6540,79
6541,713
6542,648
6543,404
6544,685
6545,823
6546,970
6547,510
6548,883
6549,575
6550,218
6551,500
6552,510
6553,716
6554,582
6555,502
6556,649
6557,779
6558,668
6559,104
6560,595
6561,979
6562,76
6563,634
6564,500
6565,757
6566,517
6567,865
6568,916
6569,625
6570,454
6571,549
6572,632
6573,403
6574,517
6575,285
6576,800
6577,554
6578,962
6579,415
6580,788
6581,522
6582,554
6583,580
6584,403
6585,918
6586,776
6587,510
6588,984
6589,403
6590,795
6591,254
6592,595
6593,522
6594,522
6595,746
6596,864
6597,976
6598,296
6599,555
6600,895
6601,889
6602,310
6603,510
6604,829
6605,289
6606,510
6607,611
6608,595
6609,512
6610,918
6611,875
6612,730
6613,580
6614,555
6615,634
6616,795
6617,346
6618,814
6619,760
6620,625
6621,558
6622,858
6623,757
6624,537
6625,800
6626,780
6627,293
6628,554
6629,576
6630,788
6631,124
6632,305
6633,554
6634,779
6635,980
6636,37
6637,251
6638,510
6639,847
6640,230
6641,341
6642,847
6643,780
6644,621
6645,468
6646,554
6647,611
6648,628
6649,794
6650,537
6651,251
6652,671
6653,624
6654,802
6655,624
6656,738
6657,847
6658,554
6659,865
6660,40
6661,865
6662,540
6663,665
6664,510
6665,833
6666,289
6667,847
6668,148
6669,576
6670,978
6671,871
6672,554
6673,63
6674,847
6675,865
6676,833
6677,218
6678,865
6679,865
6680,573
6681,537
6682,522
6683,800
6684,555
6685,555
6686,536
6687,788
6688,220
6689,310
6690,766
6691,603
6692,522
6693,860
6694,573
6695,25
6696,786
6697,45
6698,788
6699,744
6700,7
6701,214
6702,988
6703,554
6704,530
6705,634
6706,645
6707,611
6708,625
6709,684
6710,9
6711,399
6712,642
6713,512
6714,45
6715,116
6716,970
6717,683
6718,62
6719,762
6720,496
6721,406
6722,573
6723,534
6724,595
6725,628
6726,791
6727,645
6728,403
6729,403
6730,139
6731,984
6732,540
6733,55
6734,537
6735,512
6736,419
6737,517
6738,460
6739,437
6740,123
6741,498
6742,554
6743,509
6744,829
6745,996
6746,536
6747,683
6748,442
6749,225
6750,554
6751,39
6752,624
6753,802
6754,812
6755,947
6756,912
6757,403
6758,129
6759,779
6760,123
6761,917
6762,956
6763,634
6764,403
6765,303
6766,173
6767,139
6768,779
6769,810
6770,865
6771,802
6772,599
6773,204
6774,342
6775,543
6776,865
6777,102
6778,39
6779,576
6780,350
6781,613
6782,71
6783,668
6784,611
6785,403
6786,363
6787,699
6788,540
6789,762
6790,825
6791,139
6792,373
6793,776
6794,509
6795,517
6796,240
6797,254
6798,788
6799,234
6800,865
6801,291
6802,576
6803,10
6804,625
6805,116
6806,916
6807,625
6808,404
6809,467
6810,642
6811,865
6812,802
6813,788
6814,116
6815,300
6816,45
6817,865
6818,788
6819,625
6820,701
6821,549
6822,800
6823,509
6824,762
6825,576
6826,510
6827,625
6828,671
6829,915
6830,993
6831,408
6832,310
6833,779
6834,510
6835,744
6836,788
6837,762
6838,4
6839,718
6840,415
6841,565
6842,802
6843,840
6844,975
6845,509
6846,403
6847,536
6848,853
6849,847
6850,476
6851,803
6852,558
6853,916
6854,802
6855,938
6856,62
6857,251
6858,38
6859,829
6860,779
6861,555
6862,668
6863,734
6864,284
6865,865
6866,916
6867,106
6868,555
6869,61
6870,59
6871,554
6872,985
6873,865
6874,892
6875,510
6876,978
6877,825
6878,264
6879,762
6880,264
6881,9
6882,791
6883,611
6884,476
6885,843
6886,648
6887,403
6888,403
6889,608
6890,61
6891,554
6892,500
6893,173
6894,865
6895,151
6896,668
6897,454
6898,819
6899,814
6900,788
6901,225
6902,500
6903,97
6904,580
6905,716
6906,611
6907,621
6908,250
6909,510
6910,18
6911,788
6912,562
6913,611
6914,536
6915,943
6916,458
6917,865
6918,956
6919,218
6920,469
6921,974
6922,788
6923,723
6924,536
6925,698
6926,625
6927,847
6928,864
6929,536
6930,72
6931,788
6932,788
6933,403
6934,802
6935,118
6936,865
6937,547
6938,858
6939,510
6940,352
6941,573
6942,865
6943,555
6944,275
6945,403
6946,257
6947,867
6948,488
6949,289
6950,582
6951,406
6952,11
6953,403
6954,293
6955,865
6956,582
6957,509
6958,819
6959,101
6960,586
6961,403
6962,92
6963,603
6964,293
6965,496
6966,766
6967,561
6968,788
6969,668
6970,674
6971,671
6972,645
6973,314
6974,403
6975,476
6976,309
6977,529
6978,684
6979,554
6980,984
6981,971
6982,779
6983,865
6984,488
6985,249
6986,847
6987,304
6988,122
6989,281
6990,726
6991,595
6992,403
6993,779
6994,611
6995,403
6996,611
6997,410
6998,585
6999,177
7000,788
7001,517
7002,509
7003,802
7004,404
7005,852
7006,586
7007,996
7008,760
7009,574
7010,554
7011,540
7012,403
7013,776
7014,993
7015,484
7016,439
7017,164
7018,555
7019,670
7020,944
7021,565
7022,865
7023,251
7024,788
7025,625
7026,210
7027,984
7028,671
7029,293
7030,237
7031,788
7032,963
7033,858
7034,555
7035,595
7036,199
7037,536
7038,770
7039,403
7040,408
7041,750
7042,509
7043,713
7044,625
7045,987
7046,510
7047,860
7048,403
7049,788
7050,865
7051,814
7052,289
7053,865
7054,522
7055,854
7056,54
7057,865
7058,611
7059,536
7060,417
7061,555
7062,858
7063,536
7064,886
7065,84
7066,408
7067,661
7068,802
7069,537
7070,802
7071,865
7072,779
7073,833
7074,628
7075,625
7076,488
7077,540
7078,887
7079,586
7080,404
7081,779
7082,718
7083,79
7084,860
7085,403
7086,406
7087,611
7088,972
7089,858
7090,186
7091,984
7092,62
7093,918
7094,645
7095,67
7096,538
7097,847
7098,625
7099,874
7100,652
7101,625
7102,865
7103,800
7104,864
7105,405
7106,864
7107,943
7108,750
7109,454
7110,151
7111,403
7112,25
7113,825
7114,67
7115,560
7116,509
7117,580
7118,586
7119,599
7120,645
7121,537
7122,923
7123,532
7124,351
7125,314
7126,625
7127,355
7128,313
7129,668
7130,864
7131,788
7132,540
7133,674
7134,466
7135,730
7136,275
7137,225
7138,139
7139,788
7140,569
7141,671
7142,860
7143,554
7144,833
7145,625
7146,922
7147,167
7148,973
7149,536
7150,536
7151,794
7152,864
7153,554
7154,586
7155,586
7156,467
7157,865
7158,454
7159,251
7160,418
7161,788
7162,251
7163,909
7164,802
7165,825
7166,730
7167,788
7168,509
7169,713
7170,832
7171,812
7172,984
7173,993
7174,111
7175,536
7176,454
7177,973
7178,624
7179,321
7180,454
7181,825
7182,540
7183,483
7184,774
7185,45
7186,595
7187,580
7188,909
7189,625
7190,555
7191,867
7192,788
7193,45
7194,624
7195,586
7196,555
7197,865
7198,956
7199,404
7200,254
7201,540
7202,927
7203,956
7204,61
7205,788
7206,62
7207,403
7208,509
7209,595
7210,788
7211,310
7212,561
7213,625
7214,993
7215,625
7216,573
7217,802
7218,624
7219,285
7220,880
7221,865
7222,555
7223,865
7224,779
7225,403
7226,805
7227,880
7228,283
7229,865
7230,225
7231,889
7232,788
7233,864
7234,776
7235,139
7236,645
7237,554
7238,300
7239,257
7240,549
7241,224
7242,43
7243,403
7244,865
7245,218
7246,956
7247,779
7248,847
7249,795
7250,805
7251,403
7252,43
7253,788
7254,301
7255,864
7256,123
7257,595
7258,628
7259,37
7260,78
7261,612
7262,888
7263,454
7264,306
7265,870
7266,788
7267,864
7268,625
7269,314
7270,723
7271,762
7272,917
7273,476
7274,865
7275,536
7276,860
7277,488
7278,661
7279,865
7280,847
7281,483
7282,762
7283,864
7284,28
7285,788
7286,779
7287,865
7288,355
7289,644
7290,558
7291,904
7292,865
7293,536
7294,883
7295,730
7296,865
7297,978
7298,625
7299,292
7300,847
7301,825
7302,788
7303,467
7304,973
7305,394
7306,306
7307,483
7308,794
7309,350
7310,788
7311,634
7312,510
7313,970
7314,403
7315,698
7316,786
7317,350
7318,805
7319,956
7320,509
7321,802
7322,287
7323,679
7324,274
7325,67
7326,404
7327,406
7328,865
7329,864
7330,776
7331,537
7332,847
7333,802
7334,825
7335,251
7336,847
7337,624
7338,865
7339,172
7340,922
7341,540
7342,621
7343,378
7344,522
7345,466
7346,509
7347,865
7348,776
7349,974
7350,218
7351,865
7352,916
7353,403
7354,61
7355,509
7356,293
7357,744
7358,716
7359,62
7360,405
7361,467
7362,512
7363,850
7364,403
7365,858
7366,860
7367,865
7368,104
7369,875
7370,634
7371,536
7372,998
7373,865
7374,873
7375,984
7376,634
7377,62
7378,293
7379,895
7380,517
7381,876
7382,776
7383,488
7384,788
7385,403
7386,819
7387,403
7388,927
7389,555
7390,878
7391,350
7392,977
7393,972
7394,537
7395,403
7396,217
7397,864
7398,795
7399,847
7400,833
7401,489
7402,625
7403,483
7404,993
7405,536
7406,802
7407,962
7408,50
7409,408
7410,536
7411,62
7412,454
7413,554
7414,536
7415,972
7416,769
7417,652
7418,67
7419,975
7420,395
7421,2
7422,628
7423,467
7424,517
7425,960
7426,555
7427,984
7428,30
7429,56
7430,750
7431,856
7432,713
7433,512
7434,783
7435,582
7436,264
7437,683
7438,509
7439,668
7440,554
7441,599
7442,171
7443,535
7444,408
7445,509
7446,724
7447,628
7448,634
7449,912
7450,788
7451,814
7452,384
7453,599
7454,573
7455,762
7456,603
7457,509
7458,156
7459,726
7460,509
7461,123
7462,749
7463,296
7464,509
7465,865
7466,865
7467,864
7468,916
7469,661
7470,825
7471,624
7472,509
7473,403
7474,865
7475,825
7476,944
7477,537
7478,403
7479,480
7480,611
7481,537
7482,435
7483,865
7484,779
7485,79
7486,352
7487,218
7488,554
7489,45
7490,310
7491,325
7492,18
7493,927
7494,670
7495,865
7496,72
7497,140
7498,123
7499,580
7500,611
7501,139
7502,738
7503,795
7504,37
7505,404
7506,788
7507,847
7508,865
7509,257
7510,403
7511,788
7512,599
7513,171
7514,510
7515,788
7516,625
7517,213
7518,289
7519,415
7520,795
7521,215
7522,860
7523,927
7524,404
7525,776
7526,45
7527,865
7528,788
7529,953
7530,865
7531,788
7532,619
7533,554
7534,624
7535,762
7536,825
7537,50
7538,863
7539,741
7540,979
7541,476
7542,788
7543,762
7544,310
7545,420
7546,825
7547,558
7548,625
7549,45
7550,788
7551,522
7552,865
7553,195
7554,865
7555,37
7556,820
7557,580
7558,984
7559,582
7560,762
7561,642
7562,805
7563,625
7564,573
7565,449
7566,917
7567,251
7568,403
7569,766
7570,45
7571,858
7572,241
7573,398
7574,645
7575,788
7576,865
7577,476
7578,645
7579,788
7580,403
7581,71
7582,617
7583,510
7584,483
7585,476
7586,544
7587,45
7588,690
7589,403
7590,130
7591,975
7592,213
7593,762
7594,50
7595,351
7596,549
7597,403
7598,595
7599,624
7600,788
7601,408
7602,218
7603,220
7604,668
7605,865
7606,603
7607,984
7608,628
7609,865
7610,865
7611,241
7612,469
7613,30
7614,524
7615,865
7616,536
7617,554
7618,794
7619,537
7620,307
7621,543
7622,181
7623,865
7624,634
7625,146
7626,788
7627,668
7628,847
7629,746
7630,762
7631,624
7632,825
7633,800
7634,625
7635,540
7636,510
7637,792
7638,536
7639,429
7640,403
7641,454
7642,697
7643,706
7644,611
7645,840
7646,510
7647,762
7648,825
7649,554
7650,595
7651,998
7652,865
7653,476
7654,625
7655,833
7656,509
7657,833
7658,261
7659,865
7660,191
7661,916
7662,500
7663,555
7664,569
7665,984
7666,982
7667,628
7668,858
7669,374
7670,356
7671,476
7672,867
7673,470
7674,467
7675,683
7676,611
7677,156
7678,922
7679,586
7680,788
7681,251
7682,833
7683,410
7684,575
7685,561
7686,865
7687,889
7688,555
7689,645
7690,476
7691,496
7692,716
7693,241
7694,795
7695,845
7696,407
7697,509
7698,595
7699,860
7700,218
7701,410
7702,625
7703,865
7704,403
7705,812
7706,30
7707,858
7708,540
7709,49
7710,255
7711,865
7712,537
7713,865
7714,814
7715,582
7716,191
7717,78
7718,580
7719,159
7720,292
7721,350
7722,764
7723,632
7724,573
7725,984
7726,595
7727,825
7728,916
7729,972
7730,788
7731,865
7732,454
7733,865
7734,634
7735,342
7736,986
7737,181
7738,670
7739,802
7740,571
7741,150
7742,611
7743,275
7744,974
7745,993
7746,803
7747,148
7748,555
7749,512
7750,352
7751,218
7752,536
7753,61
7754,251
7755,625
7756,730
7757,603
7758,512
7759,135
7760,201
7761,509
7762,624
7763,982
7764,956
7765,271
7766,595
7767,795
7768,953
7769,973
7770,477
7771,540
7772,847
7773,984
7774,536
7775,580
7776,984
7777,580
7778,800
7779,916
7780,760
7781,276
7782,803
7783,173
7784,454
7785,404
7786,476
7787,698
7788,555
7789,843
7790,970
7791,71
7792,730
7793,275
7794,914
7795,864
7796,509
7797,218
7798,843
7799,802
7800,829
7801,611
7802,565
7803,611
7804,956
7805,489
7806,372
7807,624
7808,716
7809,467
7810,661
7811,878
7812,788
7813,628
7814,403
7815,956
7816,195
7817,536
7818,525
7819,293
7820,38
7821,288
7822,454
7823,958
7824,929
7825,554
7826,575
7827,698
7828,183
7829,409
7830,509
7831,509
7832,61
7833,177
7834,218
7835,413
7836,2
7837,540
7838,788
7839,713
7840,540
7841,148
7842,794
7843,795
7844,509
7845,573
7846,352
7847,984
7848,670
7849,16
7850,189
7851,554
7852,403
7853,64
7854,9
7855,860
7856,582
7857,403
7858,537
7859,494
7860,865
7861,625
7862,788
7863,734
7864,251
7865,776
7866,762
7867,829
7868,683
7869,486
7870,916
7871,625
7872,549
7873,580
7874,779
7875,788
7876,937
7877,978
7878,595
7879,927
7880,907
7881,85
7882,916
7883,50
7884,788
7885,352
7886,409
7887,918
7888,648
7889,621
7890,360
7891,858
7892,555
7893,984
7894,796
7895,788
7896,641
7897,512
7898,288
7899,956
7900,683
7901,509
7902,247
7903,668
7904,62
7905,509
7906,668
7907,951
7908,625
7909,621
7910,993
7911,537
7912,554
7913,306
7914,860
7915,683
7916,788
7917,540
7918,303
7919,981
7920,576
7921,406
7922,62
7923,123
7924,479
7925,25
7926,956
7927,61
7928,764
7929,537
7930,730
7931,582
7932,517
7933,403
7934,292
7935,812
7936,454
7937,679
7938,536
7939,956
7940,586
7941,123
7942,917
7943,306
7944,739
7945,509
7946,403
7947,890
7948,555
7949,788
7950,956
7951,671
7952,510
7953,776
7954,913
7955,741
7956,410
7957,625
7958,922
7959,310
7960,994
7961,611
7962,595
7963,805
7964,586
7965,937
7966,642
7967,865
7968,251
7969,595
7970,554
7971,537
7972,554
7973,788
7974,847
7975,800
7976,38
7977,234
7978,293
7979,540
7980,865
7981,898
7982,573
7983,497
7984,860
7985,825
7986,730
7987,847
7988,14
7989,825
7990,510
7991,121
7992,171
7993,310
7994,361
7995,856
7996,956
7997,625
7998,634
7999,780
8000,476
8001,611
8002,476
8003,847
8004,50
8005,540
8006,408
8007,918
8008,76
8009,953
8010,641
8011,812
8012,978
8013,408
8014,586
8015,483
8016,512
8017,984
8018,683
8019,300
8020,510
8021,554
8022,979
8023,803
8024,917
8025,871
8026,865
8027,762
8028,404
8029,264
8030,310
8031,403
8032,285
8033,536
8034,724
8035,996
8036,724
8037,403
8038,549
8039,56
8040,163
8041,760
8042,788
8043,71
8044,698
8045,555
8046,801
8047,177
8048,739
8049,683
8050,812
8051,956
8052,306
8053,38
8054,963
8055,251
8056,251
8057,865
8058,586
8059,865
8060,510
8061,218
8062,404
8063,301
8064,788
8065,522
8066,561
8067,537
8068,880
8069,536
8070,476
8071,67
8072,667
8073,634
8074,957
8075,628
8076,611
8077,783
8078,352
8079,697
8080,403
8081,291
8082,900
8083,625
8084,788
8085,275
8086,762
8087,488
8088,510
8089,467
8090,825
8091,540
8092,865
8093,922
8094,517
8095,671
8096,45
8097,624
8098,788
8099,580
8100,706
8101,788
8102,310
8103,403
8104,972
8105,586
8106,865
8107,788
8108,778
8109,984
8110,814
8111,489
8112,730
8113,780
8114,45
8115,802
8116,13
8117,954
8118,918
8119,977
8120,628
8121,476
8122,251
8123,191
8124,538
8125,780
8126,293
8127,25
8128,780
8129,611
8130,988
8131,795
8132,865
8133,698
8134,54
8135,917
8136,807
8137,786
8138,104
8139,513
8140,865
8141,61
8142,895
8143,509
8144,788
8145,565
8146,139
8147,560
8148,779
8149,625
8150,683
8151,537
8152,510
8153,561
8154,646
8155,468
8156,571
8157,788
8158,832
8159,151
8160,45
8161,549
8162,864
8163,62
8164,274
8165,788
8166,483
8167,788
8168,860
8169,274
8170,865
8171,537
8172,483
8173,663
8174,984
8175,603
8176,571
8177,512
8178,554
8179,957
8180,984
8181,660
8182,833
8183,788
8184,45
8185,61
8186,537
8187,865
8188,148
8189,716
8190,738
8191,573
8192,540
8193,865
8194,310
8195,84
8196,865
8197,780
8198,628
8199,45
8200,540
8201,908
8202,406
8203,996
8204,512
8205,540
8206,251
8207,25
8208,645
8209,847
8210,679
8211,450
8212,580
8213,625
8214,76
8215,819
8216,509
8217,972
8218,509
8219,890
8220,513
8221,195
8222,788
8223,634
8224,825
8225,865
8226,975
8227,509
8228,704
8229,218
8230,892
8231,224
8232,62
8233,403
8234,922
8235,576
8236,847
8237,798
8238,956
8239,476
8240,586
8241,54
8242,367
8243,895
8244,652
8245,829
8246,444
8247,497
8248,300
8249,819
8250,842
8251,599
8252,668
8253,399
8254,718
8255,762
8256,825
8257,865
8258,671
8259,509
8260,250
8261,403
8262,611
8263,788
8264,832
8265,25
8266,218
8267,788
8268,683
8269,352
8270,217
8271,555
8272,510
8273,403
8274,534
8275,865
8276,512
8277,865
8278,573
8279,624
8280,625
8281,984
8282,862
8283,215
8284,642
8285,509
8286,235
8287,128
8288,895
8289,306
8290,554
8291,251
8292,683
8293,468
8294,730
8295,895
8296,555
8297,342
8298,403
8299,404
8300,45
8301,591
8302,860
8303,865
8304,683
8305,780
8306,814
8307,788
8308,788
8309,554
8310,146
8311,59
8312,864
8313,510
8314,996
8315,576
8316,795
8317,825
8318,788
8319,625
8320,408
8321,858
8322,60
8323,858
8324,560
8325,645
8326,552
8327,417
8328,404
8329,472
8330,323
8331,873
8332,480
8333,301
8334,468
8335,865
8336,50
8337,536
8338,275
8339,554
8340,139
8341,569
8342,494
8343,582
8344,956
8345,522
8346,724
8347,210
8348,865
8349,865
8350,586
8351,812
8352,817
8353,50
8354,555
8355,555
8356,625
8357,628
8358,78
8359,878
8360,484
8361,517
8362,218
8363,481
8364,865
8365,762
8366,71
8367,952
8368,917
8369,404
8370,512
8371,865
8372,45
8373,89
8374,670
8375,648
8376,351
8377,865
8378,625
8379,880
8380,73
8381,403
8382,476
8383,12
8384,513
8385,586
8386,251
8387,251
8388,845
8389,916
8390,353
8391,64
8392,573
8393,537
8394,628
8395,403
8396,701
8397,910
8398,467
8399,612
8400,225
8401,352
8402,788
8403,555
8404,410
8405,582
8406,611
8407,78
8408,829
8409,634
8410,582
8411,62
8412,38
8413,554
8414,76
8415,429
8416,668
8417,985
8418,762
8419,167
8420,611
8421,858
8422,715
8423,94
8424,449
8425,45
8426,509
8427,408
8428,251
8429,517
8430,517
8431,454
8432,139
8433,786
8434,251
8435,403
8436,762
8437,690
8438,537
8439,611
8440,555
8441,488
8442,825
8443,38
8444,218
8445,56
8446,580
8447,730
8448,537
8449,496
8450,537
8451,995
8452,61
8453,419
8454,827
8455,561
8456,586
8457,847
8458,916
8459,403
8460,971
8461,67
8462,561
8463,634
8464,408
8465,794
8466,537
8467,61
8468,172
8469,310
8470,62
8471,864
8472,391
8473,234
8474,314
8475,346
8476,509
8477,779
8478,865
8479,91
8480,974
8481,251
8482,250
8483,403
8484,522
8485,575
8486,509
8487,403
8488,582
8489,611
8490,536
8491,454
8492,788
8493,847
8494,241
8495,668
8496,573
8497,860
8498,555
8499,537
8500,743
8501,467
8502,825
8503,116
8504,12
8505,865
8506,634
8507,713
8508,668
8509,788
8510,241
8511,779
8512,536
8513,847
8514,922
8515,403
8516,608
8517,573
8518,864
8519,454
8520,865
8521,943
8522,536
8523,750
8524,291
8525,788
8526,520
8527,883
8528,222
8529,865
8530,522
8531,555
8532,275
8533,724
8534,408
8535,599
8536,865
8537,674
8538,715
8539,937
8540,614
8541,509
8542,403
8543,915
8544,788
8545,578
8546,984
8547,537
8548,783
8549,865
8550,865
8551,865
8552,780
8553,181
8554,751
8555,865
8556,512
8557,116
8558,292
8559,750
8560,403
8561,788
8562,825
8563,172
8564,762
8565,875
8566,264
8567,595
8568,225
8569,847
8570,59
8571,284
8572,71
8573,715
8574,554
8575,537
8576,323
8577,403
8578,625
8579,425
8580,634
8581,780
8582,858
8583,573
8584,173
8585,865
8586,595
8587,683
8588,45
8589,654
8590,39
8591,895
8592,825
8593,343
8594,825
8595,820
8596,698
8597,865
8598,800
8599,403
8600,283
8601,657
8602,738
8603,779
8604,586
8605,625
8606,323
8607,289
8608,648
8609,454
8610,788
8611,560
8612,785
8613,843
8614,416
8615,776
8616,683
8617,847
8618,352
8619,603
8620,413
8621,586
8622,794
8623,802
8624,62
8625,865
8626,82
8627,974
8628,540
8629,537
8630,476
8631,500
8632,864
8633,864
8634,668
8635,916
8636,625
8637,788
8638,510
8639,762
8640,988
8641,776
8642,439
8643,847
8644,78
8645,251
8646,50
8647,569
8648,779
8649,713
8650,123
8651,554
8652,168
8653,476
8654,625
8655,984
8656,611
8657,980
8658,591
8659,363
8660,295
8661,788
8662,661
8663,865
8664,847
8665,648
8666,403
8667,191
8668,537
8669,49
8670,642
8671,450
8672,45
8673,403
8674,401
8675,536
8676,537
8677,694
8678,251
8679,537
8680,856
8681,509
8682,554
8683,403
8684,865
8685,779
8686,403
8687,715
8688,460
8689,979
8690,730
8691,512
8692,586
8693,788
8694,476
8695,779
8696,517
8697,89
8698,100
8699,187
8700,858
8701,864
8702,867
8703,251
8704,683
8705,611
8706,825
8707,625
8708,413
8709,310
8710,858
8711,847
8712,495
8713,865
8714,289
8715,611
8716,951
8717,611
8718,547
8719,404
8720,779
8721,875
8722,510
8723,537
8724,554
8725,805
8726,310
8727,404
8728,384
8729,713
8730,984
8731,62
8732,769
8733,621
8734,865
8735,536
8736,864
8737,667
8738,176
8739,104
8740,460
8741,61
8742,865
8743,404
8744,275
8745,45
8746,498
8747,310
8748,788
8749,403
8750,509
8751,776
8752,856
8753,25
8754,625
8755,71
8756,536
8757,625
8758,509
8759,45
8760,847
8761,555
8762,403
8763,865
8764,509
8765,780
8766,488
8767,532
8768,220
8769,573
8770,634
8771,352
8772,730
8773,275
8774,878
8775,510
8776,62
8777,833
8778,391
8779,468
8780,956
8781,668
8782,352
8783,129
8784,683
8785,880
8786,264
8787,624
8788,864
8789,251
8790,69
8791,310
8792,488
8793,788
8794,679
8795,140
8796,555
8797,865
8798,865
8799,918
8800,573
8801,89
8802,917
8803,555
8804,561
8805,663
8806,512
8807,296
8808,788
8809,352
8810,642
8811,468
8812,890
8813,853
8814,825
8815,914
8816,3
8817,122
8818,582
8819,522
8820,454
8821,79
8822,582
8823,199
8824,135
8825,536
8826,293
8827,435
8828,847
8829,645
8830,476
8831,218
8832,864
8833,932
8834,403
8835,858
8836,982
8837,293
8838,554
8839,865
8840,560
8841,218
8842,84
8843,788
8844,865
8845,121
8846,958
8847,396
8848,536
8849,467
8850,819
8851,889
8852,788
8853,372
8854,730
8855,603
8856,418
8857,316
8858,554
8859,586
8860,762
8861,251
8862,788
8863,865
8864,404
8865,980
8866,539
8867,555
8868,916
8869,625
8870,922
8871,595
8872,916
8873,823
8874,847
8875,871
8876,403
8877,832
8878,788
8879,788
8880,25
8881,625
8882,937
8883,800
8884,652
8885,956
8886,641
8887,612
8888,634
8889,536
8890,49
8891,488
8892,354
8893,472
8894,537
8895,403
8896,586
8897,996
8898,195
8899,864
8900,847
8901,43
8902,603
8903,517
8904,986
8905,603
8906,403
8907,50
8908,958
8909,468
8910,881
8911,864
8912,788
8913,724
8914,865
8915,525
8916,791
8917,554
8918,595
8919,509
8920,865
8921,814
8922,170
8923,634
8924,251
8925,762
8926,603
8927,645
8928,888
8929,795
8930,500
8931,611
8932,471
8933,762
8934,762
8935,858
8936,665
8937,865
8938,60
8939,865
8940,586
8941,510
8942,214
8943,540
8944,45
8945,353
8946,625
8947,724
8948,423
8949,573
8950,352
8951,865
8952,354
8953,865
8954,573
8955,730
8956,509
8957,251
8958,936
8959,147
8960,429
8961,251
8962,779
8963,476
8964,537
8965,684
8966,757
8967,310
8968,340
8969,554
8970,586
8971,408
8972,586
8973,404
8974,112
8975,309
8976,489
8977,860
8978,736
8979,788
8980,855
8981,833
8982,683
8983,156
8984,403
8985,625
8986,554
8987,467
8988,825
8989,586
8990,213
8991,163
8992,43
8993,429
8994,373
8995,878
8996,986
8997,580
8998,310
8999,39
9000,989
9001,788
9002,403
9003,864
9004,611
9005,724
9006,314
9007,956
9008,726
9009,536
9010,625
9011,865
9012,825
9013,984
9014,611
9015,865
9016,580
9017,715
9018,306
9019,90
9020,275
9021,728
9022,825
9023,788
9024,403
9025,509
9026,595
9027,867
9028,683
9029,116
9030,314
9031,250
9032,313
9033,865
9034,442
9035,62
9036,865
9037,135
9038,314
9039,625
9040,580
9041,218
9042,625
9043,628
9044,696
9045,730
9046,25
9047,865
9048,875
9049,432
9050,847
9051,878
9052,603
9053,236
9054,47
9055,305
9056,628
9057,922
9058,825
9059,788
9060,554
9061,415
9062,624
9063,145
9064,634
9065,67
9066,766
9067,45
9068,81
9069,509
9070,825
9071,802
9072,314
9073,603
9074,406
9075,250
9076,730
9077,503
9078,415
9079,788
9080,788
9081,625
9082,555
9083,343
9084,809
9085,788
9086,467
9087,912
9088,554
9089,484
9090,403
9091,963
9092,40
9093,879
9094,730
9095,488
9096,555
9097,847
9098,251
9099,573
9100,595
9101,776
9102,313
9103,913
9104,781
9105,780
9106,217
9107,624
9108,993
9109,645
9110,454
9111,738
9112,683
9113,702
9114,343
9115,512
9116,488
9117,496
9118,64
9119,536
9120,780
9121,788
9122,916
9123,865
9124,829
9125,517
9126,562
9127,922
9128,61
9129,825
9130,875
9131,586
9132,483
9133,788
9134,538
9135,350
9136,185
9137,683
9138,403
9139,779
9140,803
9141,825
9142,865
9143,624
9144,776
9145,306
9146,403
9147,554
9148,788
9149,628
9150,642
9151,825
9152,860
9153,66
9154,403
9155,241
9156,61
9157,509
9158,49
9159,788
9160,509
9161,788
9162,800
9163,788
9164,582
9165,403
9166,860
9167,536
9168,865
9169,671
9170,802
9171,865
9172,621
9173,92
9174,554
9175,509
9176,489
9177,584
9178,536
9179,865
9180,403
9181,403
9182,586
9183,417
9184,954
9185,403
9186,510
9187,865
9188,645
9189,788
9190,807
9191,281
9192,536
9193,730
9194,25
9195,510
9196,403
9197,595
9198,76
9199,845
9200,847
9201,525
9202,489
9203,779
9204,730
9205,488
9206,847
9207,509
9208,536
9209,449
9210,352
9211,624
9212,794
9213,403
9214,802
9215,537
9216,847
9217,611
9218,569
9219,931
9220,776
9221,408
9222,403
9223,41
9224,218
9225,643
9226,353
9227,410
9228,916
9229,122
9230,403
9231,467
9232,444
9233,138
9234,584
9235,582
9236,865
9237,625
9238,794
9239,788
9240,872
9241,875
9242,802
9243,403
9244,807
9245,323
9246,569
9247,625
9248,624
9249,599
9250,621
9251,847
9252,867
9253,104
9254,62
9255,833
9256,509
9257,865
9258,510
9259,549
9260,762
9261,294
9262,195
9263,580
9264,454
9265,611
9266,163
9267,377
9268,670
9269,454
9270,984
9271,625
9272,582
9273,191
9274,222
9275,611
9276,586
9277,914
9278,865
9279,795
9280,843
9281,562
9282,683
9283,912
9284,537
9285,555
9286,788
9287,779
9288,730
9289,701
9290,580
9291,346
9292,284
9293,123
9294,634
9295,634
9296,586
9297,683
9298,471
9299,510
9300,584
9301,350
9302,307
9303,703
9304,41
9305,628
9306,865
9307,586
9308,118
9309,788
9310,346
9311,500
9312,512
9313,867
9314,802
9315,540
9316,769
9317,62
9318,275
9319,586
9320,540
9321,802
9322,251
9323,536
9324,611
9325,922
9326,814
9327,625
9328,301
9329,403
9330,727
9331,694
9332,815
9333,880
9334,762
9335,416
9336,816
9337,251
9338,857
9339,786
9340,403
9341,624
9342,580
9343,865
9344,603
9345,187
9346,864
9347,512
9348,25
9349,788
9350,738
9351,966
9352,429
9353,38
9354,864
9355,354
9356,303
9357,220
9358,645
9359,500
9360,403
9361,580
9362,536
9363,509
9364,603
9365,444
9366,726
9367,795
9368,603
9369,692
9370,833
9371,865
9372,403
9373,865
9374,25
9375,547
9376,613
9377,454
9378,292
9379,788
9380,865
9381,917
9382,788
9383,832
9384,661
9385,611
9386,892
9387,45
9388,724
9389,509
9390,603
9391,128
9392,509
9393,554
9394,406
9395,223
9396,214
9397,698
9398,536
9399,561
9400,625
9401,661
9402,802
9403,222
9404,454
9405,576
9406,118
9407,509
9408,956
9409,858
9410,803
9411,555
9412,779
9413,628
9414,703
9415,128
9416,984
9417,406
9418,580
9419,912
9420,625
9421,573
9422,762
9423,779
9424,573
9425,540
9426,363
9427,625
9428,354
9429,275
9430,555
9431,634
9432,603
9433,730
9434,61
9435,558
9436,864
9437,917
9438,865
9439,509
9440,621
9441,788
9442,762
9443,671
9444,648
9445,786
9446,221
9447,510
9448,403
9449,917
9450,865
9451,819
9452,552
9453,762
9454,536
9455,860
9456,856
9457,878
9458,25
9459,123
9460,953
9461,467
9462,275
9463,354
9464,788
9465,354
9466,916
9467,652
9468,582
9469,403
9470,460
9471,762
9472,562
9473,520
9474,25
9475,670
9476,795
9477,476
9478,762
9479,788
9480,112
9481,3
9482,346
9483,788
9484,489
9485,738
9486,715
9487,750
9488,779
9489,788
9490,582
9491,621
9492,251
9493,847
9494,661
9495,802
9496,625
9497,352
9498,788
9499,45
9500,306
9501,483
9502,25
9503,522
9504,476
9505,916
9506,218
9507,634
9508,328
9509,724
9510,547
9511,81
9512,922
9513,251
9514,64
9515,135
9516,123
9517,303
9518,510
9519,309
9520,536
9521,867
9522,432
9523,510
9524,847
9525,996
9526,865
9527,762
9528,555
9529,614
9530,401
9531,510
9532,565
9533,635
9534,825
9535,795
9536,322
9537,865
9538,586
9539,929
9540,776
9541,528
9542,176
9543,625
9544,917
9545,683
9546,780
9547,575
9548,625
9549,403
9550,586
9551,403
9552,780
9553,781
9554,625
9555,573
9556,38
9557,628
9558,500
9559,773
9560,582
9561,843
9562,484
9563,554
9564,257
9565,276
9566,214
9567,829
9568,788
9569,684
9570,468
9571,509
9572,573
9573,140
9574,290
9575,916
9576,404
9577,762
9578,917
9579,555
9580,977
9581,730
9582,540
9583,483
9584,865
9585,241
9586,730
9587,621
9588,537
9589,11
9590,580
9591,996
9592,772
9593,963
9594,222
9595,706
9596,864
9597,580
9598,865
9599,144
9600,788
9601,555
9602,614
9603,916
9604,779
9605,561
9606,403
9607,293
9608,595
9609,726
9610,536
9611,289
9612,648
9613,563
9614,875
9615,865
9616,730
9617,406
9618,865
9619,536
9620,591
9621,624
9622,814
9623,476
9624,865
9625,628
9626,953
9627,706
9628,847
9629,62
9630,996
9631,90
9632,586
9633,807
9634,603
9635,314
9636,403
9637,996
9638,624
9639,576
9640,45
9641,984
9642,865
9643,779
9644,573
9645,634
9646,410
9647,726
9648,549
9649,30
9650,812
9651,218
9652,289
9653,812
9654,128
9655,409
9656,163
9657,865
9658,954
9659,129
9660,634
9661,275
9662,566
9663,454
9664,645
9665,788
9666,788
9667,509
9668,403
9669,555
9670,690
9671,683
9672,575
9673,409
9674,788
9675,582
9676,526
9677,621
9678,788
9679,537
9680,403
9681,749
9682,978
9683,313
9684,483
9685,625
9686,996
9687,916
9688,573
9689,350
9690,510
9691,706
9692,766
9693,864
9694,833
9695,89
9696,580
9697,996
9698,922
9699,853
9700,683
9701,978
9702,603
9703,776
9704,788
9705,561
9706,565
9707,645
9708,873
9709,762
9710,496
9711,624
9712,642
9713,586
9714,118
9715,916
9716,703
9717,738
9718,865
9719,865
9720,683
9721,762
9722,865
9723,218
9724,864
9725,671
9726,403
9727,913
9728,761
9729,612
9730,776
9731,250
9732,788
9733,291
9734,975
9735,917
9736,788
9737,943
9738,240
9739,45
9740,595
9741,67
9742,788
9743,788
9744,800
9745,156
9746,788
9747,251
9748,937
9749,864
9750,403
9751,788
9752,576
9753,403
9754,972
9755,865
9756,788
9757,289
9758,862
9759,537
9760,865
9761,625
9762,159
9763,403
9764,454
9765,865
9766,484
9767,779
9768,38
9769,222
9770,238
9771,776
9772,512
9773,986
9774,76
9775,864
9776,978
9777,762
9778,19
9779,45
9780,701
9781,788
9782,425
9783,139
9784,304
9785,573
9786,476
9787,788
9788,652
9789,510
9790,625
9791,833
9792,540
9793,62
9794,403
9795,794
9796,522
9797,251
9798,509
9799,847
9800,461
9801,454
9802,762
9803,865
9804,510
9805,422
9806,306
9807,762
9808,509
9809,540
9810,562
9811,762
9812,865
9813,979
9814,917
9815,674
9816,820
9817,683
9818,979
9819,734
9820,864
9821,554
9822,510
9823,304
9824,120
9825,509
9826,865
9827,788
9828,410
9829,523
9830,575
9831,258
9832,611
9833,576
9834,310
9835,628
9836,510
9837,561
9838,555
9839,522
9840,512
9841,25
9842,788
9843,537
9844,79
9845,403
9846,512
9847,289
9848,406
9849,554
9850,970
9851,642
9852,509
9853,555
9854,555
9855,668
9856,522
9857,807
9858,645
9859,973
9860,569
9861,509
9862,37
9863,865
9864,403
9865,408
9866,984
9867,540
9868,701
9869,956
9870,628
9871,510
9872,404
9873,788
9874,726
9875,543
9876,993
9877,410
9878,625
9879,142
9880,833
9881,625
9882,668
9883,825
9884,665
9885,408
9886,912
9887,648
9888,467
9889,586
9890,408
9891,586
9892,730
9893,536
9894,858
9895,965
9896,289
9897,800
9898,871
9899,438
9900,766
9901,350
9902,561
9903,963
9904,865
9905,865
9906,611
9907,624
9908,576
9909,916
9910,865
9911,576
9912,919
9913,61
9914,555
9915,738
9916,509
9917,880
9918,62
9919,537
9920,470
9921,61
9922,984
9923,788
9924,971
9925,275
9926,378
9927,488
9928,25
9929,865
9930,406
9931,561
9932,764
9933,614
9934,384
9935,300
9936,715
9937,540
9938,555
9939,241
9940,9
9941,983
9942,611
9943,61
9944,611
9945,643
9946,833
9947,680
9948,857
9949,865
9950,611
9951,510
9952,762
9953,663
9954,758
9955,730
9956,565
9957,112
9958,715
9959,415
9960,584
9961,510
9962,323
9963,121
9964,352
9965,247
9966,500
9967,722
9968,788
9969,634
9970,512
9971,314
9972,573
9973,151
9974,917
9975,509
9976,625
9977,30
9978,762
9979,489
9980,404
9981,753
9982,595
9983,984
9984,642
9985,537
9986,847
9987,783
9988,878
9989,512
9990,788
9991,537
9992,956
9993,865
9994,561
9995,698
9996,864
9997,470
9998,573
9999,788
